lncRNA,protein,label
HSA-LNCT006187.1,P26599,P
HSA-LNCT000517.8,P26599,P
HSA-LNCT000517.8,Q9NZI8,P
HSA-LNCT000517.8,Q9Y6M1,P
HSA-LNCT000517.8,O00425,P
HSA-LNCT000177.6,P26599,P
HSA-LNCT005584.10,P26599,P
HSA-LNCT005584.10,Q9NZI8,P
HSA-LNCT005584.10,O00425,P
HSA-LNCT001153.3,P26599,P
HSA-LNCT001153.3,Q9NZI8,P
HSA-LNCT001153.3,O00425,P
HSA-LNCT001153.7,P26599,P
HSA-LNCT001153.7,Q9NZI8,P
HSA-LNCT001153.7,O00425,P
HSA-LNCT001367.1,P26599,P
HSA-LNCT001367.1,O00425,P
HSA-LNCT004649.1,P26599,P
HSA-LNCT004649.1,Q9NZI8,P
HSA-LNCT004649.1,Q9Y6M1,P
HSA-LNCT004649.1,O00425,P
HSA-LNCT004395.5,P26599,P
HSA-LNCT004395.5,Q9NZI8,P
HSA-LNCT004395.5,Q9Y6M1,P
HSA-LNCT004395.5,O00425,P
HSA-LNCT004395.5,Q9HCJ0,P
HSA-LNCT004395.4,P26599,P
HSA-LNCT004395.4,B7ZL34,P
HSA-LNCT004395.4,Q96PU8,P
HSA-LNCT004395.4,Q9NZI8,P
HSA-LNCT004395.4,Q9Y6M1,P
HSA-LNCT004395.4,O00425,P
HSA-LNCT004395.4,Q9UPQ9,P
HSA-LNCT004395.4,Q9HCJ0,P
HSA-LNCT004395.23,P26599,P
HSA-LNCT004395.23,B7ZL34,P
HSA-LNCT004395.23,Q96PU8,P
HSA-LNCT004395.23,Q9NZI8,P
HSA-LNCT004395.23,Q9Y6M1,P
HSA-LNCT004395.23,O00425,P
HSA-LNCT004395.23,Q8NDV7,P
HSA-LNCT004395.23,Q9UPQ9,P
HSA-LNCT004395.23,Q9HCJ0,P
HSA-LNCT004395.24,P26599,P
HSA-LNCT004395.24,B7ZL34,P
HSA-LNCT004395.24,Q96PU8,P
HSA-LNCT004395.24,Q9NZI8,P
HSA-LNCT004395.24,Q9Y6M1,P
HSA-LNCT004395.24,O00425,P
HSA-LNCT004395.24,Q8NDV7,P
HSA-LNCT004395.24,Q9UPQ9,P
HSA-LNCT004395.24,Q9HCJ0,P
HSA-LNCT004395.26,P26599,P
HSA-LNCT004395.26,B7ZL34,P
HSA-LNCT004395.26,Q96PU8,P
HSA-LNCT004395.26,Q9NZI8,P
HSA-LNCT004395.26,Q9Y6M1,P
HSA-LNCT004395.26,O00425,P
HSA-LNCT004395.26,Q8NDV7,P
HSA-LNCT004395.26,Q9UPQ9,P
HSA-LNCT004395.26,Q9HCJ0,P
HSA-LNCT002246.1,P26599,P
HSA-LNCT002246.1,B7ZL34,P
HSA-LNCT002246.1,Q96PU8,P
HSA-LNCT002246.1,Q9NZI8,P
HSA-LNCT002246.1,Q9Y6M1,P
HSA-LNCT002246.1,O00425,P
HSA-LNCT002246.1,Q8NDV7,P
HSA-LNCT002246.1,Q9HCJ0,P
HSA-LNCT003792.1,P26599,P
HSA-LNCT000525.7,P26599,P
HSA-LNCT000525.11,P26599,P
HSA-LNCT005592.1,P26599,P
HSA-LNCT000089.2,P26599,P
HSA-LNCT000089.2,Q96PU8,P
HSA-LNCT000074.15,P26599,P
HSA-LNCT004073.1,P26599,P
HSA-LNCT004073.3,P26599,P
HSA-LNCT007503.6,P26599,P
HSA-LNCT007010.1,P26599,P
HSA-LNCT007225.2,P26599,P
HSA-LNCT007225.2,O00425,P
HSA-LNCT007225.5,P26599,P
HSA-LNCT007225.5,O00425,P
HSA-LNCT007225.4,P26599,P
HSA-LNCT007225.4,O00425,P
HSA-LNCT000472.5,P26599,P
HSA-LNCT007076.1,P26599,P
HSA-LNCT003887.3,P26599,P
HSA-LNCT000018.7,P26599,P
HSA-LNCT000018.7,Q9Y6M1,P
HSA-LNCT000018.3,P26599,P
HSA-LNCT000018.3,Q9NZI8,P
HSA-LNCT000018.3,Q9Y6M1,P
HSA-LNCT000018.3,O00425,P
HSA-LNCT000018.3,Q9HCJ0,P
HSA-LNCT000018.6,P26599,P
HSA-LNCT000018.6,Q9Y6M1,P
HSA-LNCT009112.1,P26599,P
HSA-LNCT002488.1,P26599,P
HSA-LNCT010035.1,P26599,P
HSA-LNCT003381.2,P26599,P
HSA-LNCT003381.2,Q96PU8,P
HSA-LNCT003381.3,P26599,P
HSA-LNCT003381.3,Q96PU8,P
HSA-LNCT007210.2,P26599,P
HSA-LNCT008265.3,P26599,P
HSA-LNCT008265.3,Q9NZI8,P
HSA-LNCT008265.3,Q9Y6M1,P
HSA-LNCT008265.3,O00425,P
HSA-LNCT006275.3,P26599,P
HSA-LNCT007059.15,P26599,P
HSA-LNCT010292.1,P26599,P
HSA-LNCT010292.1,B7ZL34,P
HSA-LNCT010292.1,Q96PU8,P
HSA-LNCT010292.1,Q9NZI8,P
HSA-LNCT010292.1,Q9Y6M1,P
HSA-LNCT010292.1,O00425,P
HSA-LNCT004344.1,P26599,P
HSA-LNCT004344.1,Q9NZI8,P
HSA-LNCT004344.1,Q9Y6M1,P
HSA-LNCT004344.1,O00425,P
HSA-LNCT004344.4,P26599,P
HSA-LNCT004344.4,Q9NZI8,P
HSA-LNCT004344.4,Q9Y6M1,P
HSA-LNCT004344.4,O00425,P
HSA-LNCT008495.1,P26599,P
HSA-LNCT008495.1,Q9NZI8,P
HSA-LNCT008495.1,Q9Y6M1,P
HSA-LNCT008495.1,O00425,P
HSA-LNCT008495.1,Q8NDV7,P
HSA-LNCT008495.1,Q9HCJ0,P
HSA-LNCT000289.3,P26599,P
HSA-LNCT000319.3,P26599,P
HSA-LNCT000319.3,O00425,P
HSA-LNCT002421.1,P26599,P
HSA-LNCT006006.1,P26599,P
HSA-LNCT006006.1,Q9NZI8,P
HSA-LNCT006006.1,O00425,P
HSA-LNCT000577.1,P26599,P
HSA-LNCT002329.1,P26599,P
HSA-LNCT000580.7,P26599,P
HSA-LNCT000580.7,Q9NZI8,P
HSA-LNCT000580.7,Q9Y6M1,P
HSA-LNCT000580.7,O00425,P
HSA-LNCT005502.1,P26599,P
HSA-LNCT000026.5,P26599,P
HSA-LNCT000026.4,P26599,P
HSA-LNCT000026.3,P26599,P
HSA-LNCT000026.2,P26599,P
HSA-LNCT000026.1,P26599,P
HSA-LNCT000026.6,P26599,P
HSA-LNCT000026.8,P26599,P
HSA-LNCT000026.9,P26599,P
HSA-LNCT000026.11,P26599,P
HSA-LNCT000026.10,P26599,P
HSA-LNCT000026.12,P26599,P
HSA-LNCT009610.1,P26599,P
HSA-LNCT008368.1,P26599,P
HSA-LNCT008368.1,Q9NZI8,P
HSA-LNCT008368.1,Q9Y6M1,P
HSA-LNCT008368.1,O00425,P
HSA-LNCT008828.5,P26599,P
HSA-LNCT008828.5,B7ZL34,P
HSA-LNCT008828.5,Q96PU8,P
HSA-LNCT008828.5,Q9NZI8,P
HSA-LNCT008828.5,Q9Y6M1,P
HSA-LNCT008828.5,O00425,P
HSA-LNCT008828.5,Q8NDV7,P
HSA-LNCT008828.5,Q9UPQ9,P
HSA-LNCT008828.5,Q9HCJ0,P
HSA-LNCT008828.8,P26599,P
HSA-LNCT008828.8,B7ZL34,P
HSA-LNCT008828.8,Q9NZI8,P
HSA-LNCT008828.8,Q9Y6M1,P
HSA-LNCT008828.8,O00425,P
HSA-LNCT008828.8,Q9HCJ0,P
HSA-LNCT008828.14,P26599,P
HSA-LNCT008828.14,B7ZL34,P
HSA-LNCT008828.14,Q9NZI8,P
HSA-LNCT008828.14,Q9Y6M1,P
HSA-LNCT008828.14,Q9HCJ0,P
HSA-LNCT008828.15,P26599,P
HSA-LNCT008828.15,B7ZL34,P
HSA-LNCT008828.15,Q9NZI8,P
HSA-LNCT008828.15,Q9Y6M1,P
HSA-LNCT008828.15,O00425,P
HSA-LNCT008828.15,Q9HCJ0,P
HSA-LNCT008828.22,P26599,P
HSA-LNCT008828.22,Q9NZI8,P
HSA-LNCT008828.22,Q9Y6M1,P
HSA-LNCT008828.22,O00425,P
HSA-LNCT008828.22,Q8NDV7,P
HSA-LNCT008828.22,Q9UPQ9,P
HSA-LNCT008828.22,Q9HCJ0,P
HSA-LNCT008828.25,P26599,P
HSA-LNCT008828.25,Q96PU8,P
HSA-LNCT008828.25,Q9NZI8,P
HSA-LNCT008828.25,Q9Y6M1,P
HSA-LNCT008828.25,O00425,P
HSA-LNCT008828.25,Q8NDV7,P
HSA-LNCT008828.25,Q9UPQ9,P
HSA-LNCT008828.25,Q9HCJ0,P
HSA-LNCT006295.1,P26599,P
HSA-LNCT006295.1,B7ZL34,P
HSA-LNCT006295.1,Q96PU8,P
HSA-LNCT006295.1,Q9Y6M1,P
HSA-LNCT006295.1,O00425,P
HSA-LNCT007673.1,P26599,P
HSA-LNCT007673.1,B7ZL34,P
HSA-LNCT007673.1,Q96PU8,P
HSA-LNCT007673.1,Q9NZI8,P
HSA-LNCT007673.1,Q9Y6M1,P
HSA-LNCT007673.1,O00425,P
HSA-LNCT007673.1,Q9UPQ9,P
HSA-LNCT007673.1,Q9HCJ0,P
HSA-LNCT007673.2,P26599,P
HSA-LNCT007673.2,B7ZL34,P
HSA-LNCT007673.2,Q96PU8,P
HSA-LNCT007673.2,Q9NZI8,P
HSA-LNCT007673.2,Q9Y6M1,P
HSA-LNCT007673.2,O00425,P
HSA-LNCT007673.2,Q9HCJ0,P
HSA-LNCT007673.3,P26599,P
HSA-LNCT007673.3,B7ZL34,P
HSA-LNCT007673.3,Q9NZI8,P
HSA-LNCT007673.3,Q9Y6M1,P
HSA-LNCT007673.3,O00425,P
HSA-LNCT007673.3,Q9HCJ0,P
HSA-LNCT008405.2,P26599,P
HSA-LNCT008462.1,P26599,P
HSA-LNCT000034.2,P26599,P
HSA-LNCT000034.2,Q96PU8,P
HSA-LNCT000034.2,Q9NZI8,P
HSA-LNCT000034.2,Q9Y6M1,P
HSA-LNCT000034.2,O00425,P
HSA-LNCT000034.7,P26599,P
HSA-LNCT000034.7,Q96PU8,P
HSA-LNCT000034.7,Q9NZI8,P
HSA-LNCT000034.7,Q9Y6M1,P
HSA-LNCT000034.7,O00425,P
HSA-LNCT000034.6,P26599,P
HSA-LNCT000034.6,Q96PU8,P
HSA-LNCT000034.6,Q9NZI8,P
HSA-LNCT000034.6,Q9Y6M1,P
HSA-LNCT000034.6,O00425,P
HSA-LNCT000034.10,P26599,P
HSA-LNCT000034.10,Q96PU8,P
HSA-LNCT000034.15,P26599,P
HSA-LNCT000034.15,Q9Y6M1,P
HSA-LNCT000034.15,O00425,P
HSA-LNCT008661.8,P26599,P
HSA-LNCT008661.10,P26599,P
HSA-LNCT008661.13,P26599,P
HSA-LNCT000395.2,P26599,P
HSA-LNCT009209.1,P26599,P
HSA-LNCT009209.1,Q9Y6M1,P
HSA-LNCT009257.2,P26599,P
HSA-LNCT008858.3,P26599,P
HSA-LNCT008858.3,Q9NZI8,P
HSA-LNCT008858.3,Q9Y6M1,P
HSA-LNCT008858.3,O00425,P
HSA-LNCT001529.1,P26599,P
HSA-LNCT002991.1,P26599,P
HSA-LNCT006365.1,P26599,P
HSA-LNCT006365.1,Q9Y6M1,P
HSA-LNCT009162.1,P26599,P
HSA-LNCT006429.3,P26599,P
HSA-LNCT006429.3,B7ZL34,P
HSA-LNCT006429.3,Q9NZI8,P
HSA-LNCT006429.3,Q9Y6M1,P
HSA-LNCT006429.3,O00425,P
HSA-LNCT006429.3,Q8NDV7,P
HSA-LNCT006429.3,Q9UPQ9,P
HSA-LNCT006429.3,Q9HCJ0,P
HSA-LNCT011471.1,P26599,P
HSA-LNCT011471.1,B7ZL34,P
HSA-LNCT011471.1,O00425,P
HSA-LNCT010946.1,P26599,P
HSA-LNCT010946.1,Q9NZI8,P
HSA-LNCT011535.2,P26599,P
HSA-LNCT011535.2,Q9NZI8,P
HSA-LNCT011535.2,O00425,P
HSA-LNCT011544.1,P26599,P
HSA-LNCT011544.1,Q9NZI8,P
HSA-LNCT011544.1,O00425,P
HSA-LNCT011701.1,P26599,P
HSA-LNCT011701.1,B7ZL34,P
HSA-LNCT011701.1,Q9NZI8,P
HSA-LNCT011701.1,Q9Y6M1,P
HSA-LNCT011701.1,O00425,P
HSA-LNCT011755.1,P26599,P
HSA-LNCT011755.1,Q9NZI8,P
HSA-LNCT011755.1,Q9Y6M1,P
HSA-LNCT011755.1,O00425,P
HSA-LNCT011062.3,P26599,P
HSA-LNCT005520.1,P26599,P
HSA-LNCT005520.1,B7ZL34,P
HSA-LNCT005520.1,Q96PU8,P
HSA-LNCT005520.1,Q9NZI8,P
HSA-LNCT005520.1,Q9Y6M1,P
HSA-LNCT005520.1,O00425,P
HSA-LNCT005520.3,P26599,P
HSA-LNCT005520.3,Q96PU8,P
HSA-LNCT005520.3,Q9NZI8,P
HSA-LNCT005520.3,Q9Y6M1,P
HSA-LNCT005520.3,O00425,P
HSA-LNCT010504.1,P26599,P
HSA-LNCT010504.1,O00425,P
HSA-LNCT010782.1,P26599,P
HSA-LNCT011023.2,P26599,P
HSA-LNCT010819.1,P26599,P
HSA-LNCT010819.1,O00425,P
HSA-LNCT010900.1,P26599,P
HSA-LNCT011099.1,P26599,P
HSA-LNCT011099.1,Q9Y6M1,P
HSA-LNCT011099.1,O00425,P
HSA-LNCT010828.1,P26599,P
HSA-LNCT010828.1,Q9NZI8,P
HSA-LNCT010828.1,Q9Y6M1,P
HSA-LNCT010828.1,O00425,P
HSA-LNCT010828.1,Q8NDV7,P
HSA-LNCT004257.3,P26599,P
HSA-LNCT004257.3,O00425,P
HSA-LNCT000082.5,P26599,P
HSA-LNCT000082.5,B7ZL34,P
HSA-LNCT000082.5,Q96PU8,P
HSA-LNCT000082.5,Q9NZI8,P
HSA-LNCT000082.5,Q9Y6M1,P
HSA-LNCT000082.5,O00425,P
HSA-LNCT000082.5,Q9HCJ0,P
HSA-LNCT000082.15,P26599,P
HSA-LNCT000082.15,B7ZL34,P
HSA-LNCT000082.15,Q96PU8,P
HSA-LNCT000082.15,Q9NZI8,P
HSA-LNCT000082.15,Q9Y6M1,P
HSA-LNCT000082.15,O00425,P
HSA-LNCT000082.15,Q9HCJ0,P
HSA-LNCT000082.14,P26599,P
HSA-LNCT000082.14,B7ZL34,P
HSA-LNCT000082.14,Q96PU8,P
HSA-LNCT000082.14,Q9NZI8,P
HSA-LNCT000082.14,Q9Y6M1,P
HSA-LNCT000082.14,O00425,P
HSA-LNCT000082.14,Q9HCJ0,P
HSA-LNCT010356.1,P26599,P
HSA-LNCT010356.1,B7ZL34,P
HSA-LNCT010356.1,Q9NZI8,P
HSA-LNCT010356.1,Q9Y6M1,P
HSA-LNCT010356.1,O00425,P
HSA-LNCT010356.1,Q8NDV7,P
HSA-LNCT010356.1,Q9HCJ0,P
HSA-LNCT011553.1,P26599,P
HSA-LNCT011553.1,B7ZL34,P
HSA-LNCT011553.1,Q96PU8,P
HSA-LNCT011553.1,Q9NZI8,P
HSA-LNCT011553.1,Q9Y6M1,P
HSA-LNCT011553.1,O00425,P
HSA-LNCT011553.1,Q8NDV7,P
HSA-LNCT011553.1,Q9UPQ9,P
HSA-LNCT011553.1,Q9HCJ0,P
HSA-LNCT011583.1,P26599,P
HSA-LNCT011583.1,B7ZL34,P
HSA-LNCT011583.1,Q96PU8,P
HSA-LNCT011583.1,Q9NZI8,P
HSA-LNCT011583.1,Q9Y6M1,P
HSA-LNCT011583.1,O00425,P
HSA-LNCT011583.1,Q8NDV7,P
HSA-LNCT011583.1,Q9UPQ9,P
HSA-LNCT011583.1,Q9HCJ0,P
HSA-LNCT004887.1,P26599,P
HSA-LNCT002667.1,P26599,P
HSA-LNCT002667.1,B7ZL34,P
HSA-LNCT000584.1,P26599,P
HSA-LNCT004396.1,P26599,P
HSA-LNCT004396.1,B7ZL34,P
HSA-LNCT001913.3,P26599,P
HSA-LNCT001327.1,P26599,P
HSA-LNCT000490.1,P26599,P
HSA-LNCT000490.1,B7ZL34,P
HSA-LNCT000490.1,Q96PU8,P
HSA-LNCT000490.1,Q9NZI8,P
HSA-LNCT000490.1,Q9Y6M1,P
HSA-LNCT000490.1,O00425,P
HSA-LNCT000490.2,P26599,P
HSA-LNCT000490.2,O00425,P
HSA-LNCT005311.1,P26599,P
HSA-LNCT001522.1,P26599,P
HSA-LNCT002980.2,P26599,P
HSA-LNCT002980.2,Q9NZI8,P
HSA-LNCT002980.2,Q9Y6M1,P
HSA-LNCT002980.2,O00425,P
HSA-LNCT002302.1,P26599,P
HSA-LNCT002302.1,Q9NZI8,P
HSA-LNCT002302.1,O00425,P
HSA-LNCT004574.1,P26599,P
HSA-LNCT006199.1,B7ZL34,P
HSA-LNCT006199.1,Q9NZI8,P
HSA-LNCT006199.1,Q9Y6M1,P
HSA-LNCT006199.1,O00425,P
HSA-LNCT010692.1,B7ZL34,P
HSA-LNCT010692.1,Q9Y6M1,P
HSA-LNCT010692.1,O00425,P
HSA-LNCT010692.1,Q8NDV7,P
HSA-LNCT010692.1,Q9UPQ9,P
HSA-LNCT010692.1,Q9HCJ0,P
HSA-LNCT003222.1,B7ZL34,P
HSA-LNCT003222.1,Q9NZI8,P
HSA-LNCT003222.1,Q9Y6M1,P
HSA-LNCT003222.1,O00425,P
HSA-LNCT003222.1,Q9UPQ9,P
HSA-LNCT003222.1,Q9HCJ0,P
HSA-LNCT005491.4,B7ZL34,P
HSA-LNCT005491.4,O00425,P
HSA-LNCT004395.14,B7ZL34,P
HSA-LNCT004395.14,Q96PU8,P
HSA-LNCT004395.14,Q9NZI8,P
HSA-LNCT004395.14,Q9Y6M1,P
HSA-LNCT004395.14,O00425,P
HSA-LNCT004395.14,Q9UPQ9,P
HSA-LNCT004395.14,Q9HCJ0,P
HSA-LNCT004395.16,B7ZL34,P
HSA-LNCT004395.16,Q96PU8,P
HSA-LNCT004395.16,Q9NZI8,P
HSA-LNCT004395.16,Q9Y6M1,P
HSA-LNCT004395.16,O00425,P
HSA-LNCT004395.16,Q9UPQ9,P
HSA-LNCT004395.16,Q9HCJ0,P
HSA-LNCT004395.17,B7ZL34,P
HSA-LNCT004395.17,Q96PU8,P
HSA-LNCT004395.17,Q9NZI8,P
HSA-LNCT004395.17,Q9Y6M1,P
HSA-LNCT004395.17,O00425,P
HSA-LNCT004395.17,Q9UPQ9,P
HSA-LNCT004395.17,Q9HCJ0,P
HSA-LNCT004395.18,B7ZL34,P
HSA-LNCT004395.18,Q9NZI8,P
HSA-LNCT004395.18,Q9Y6M1,P
HSA-LNCT004395.18,O00425,P
HSA-LNCT004395.18,Q9HCJ0,P
HSA-LNCT004395.20,B7ZL34,P
HSA-LNCT004395.20,Q96PU8,P
HSA-LNCT004395.20,Q9NZI8,P
HSA-LNCT004395.20,Q9Y6M1,P
HSA-LNCT004395.20,O00425,P
HSA-LNCT004395.20,Q9UPQ9,P
HSA-LNCT004395.20,Q9HCJ0,P
HSA-LNCT004395.22,B7ZL34,P
HSA-LNCT004395.22,Q9NZI8,P
HSA-LNCT004395.22,Q9Y6M1,P
HSA-LNCT004395.22,O00425,P
HSA-LNCT004395.22,Q9UPQ9,P
HSA-LNCT004395.22,Q9HCJ0,P
HSA-LNCT004395.25,B7ZL34,P
HSA-LNCT004395.25,Q9Y6M1,P
HSA-LNCT004395.25,O00425,P
HSA-LNCT004395.25,Q9HCJ0,P
HSA-LNCT004395.27,B7ZL34,P
HSA-LNCT004395.27,Q9HCJ0,P
HSA-LNCT004480.1,B7ZL34,P
HSA-LNCT000203.3,B7ZL34,P
HSA-LNCT000203.3,Q9NZI8,P
HSA-LNCT000203.3,Q9Y6M1,P
HSA-LNCT000203.3,O00425,P
HSA-LNCT000203.3,Q9UPQ9,P
HSA-LNCT003337.1,B7ZL34,P
HSA-LNCT003337.1,Q8NDV7,P
HSA-LNCT003337.1,Q9UPQ9,P
HSA-LNCT003337.1,Q9HCJ0,P
HSA-LNCT001976.1,B7ZL34,P
HSA-LNCT001976.1,Q96PU8,P
HSA-LNCT001976.1,Q9NZI8,P
HSA-LNCT001976.1,Q9Y6M1,P
HSA-LNCT001976.1,O00425,P
HSA-LNCT009447.1,B7ZL34,P
HSA-LNCT009447.1,Q9Y6M1,P
HSA-LNCT009447.1,O00425,P
HSA-LNCT009447.1,Q8NDV7,P
HSA-LNCT009447.1,Q9UPQ9,P
HSA-LNCT009447.1,Q9HCJ0,P
HSA-LNCT000806.1,B7ZL34,P
HSA-LNCT000806.1,Q9NZI8,P
HSA-LNCT000806.1,Q9Y6M1,P
HSA-LNCT000806.1,O00425,P
HSA-LNCT010444.1,B7ZL34,P
HSA-LNCT010444.1,Q96PU8,P
HSA-LNCT010444.1,Q9NZI8,P
HSA-LNCT010444.1,Q9Y6M1,P
HSA-LNCT010444.1,O00425,P
HSA-LNCT010444.1,Q8NDV7,P
HSA-LNCT010444.1,Q9UPQ9,P
HSA-LNCT010444.1,Q9HCJ0,P
HSA-LNCT004765.2,B7ZL34,P
HSA-LNCT004765.2,Q9Y6M1,P
HSA-LNCT004765.1,B7ZL34,P
HSA-LNCT004765.1,Q9Y6M1,P
HSA-LNCT000037.2,B7ZL34,P
HSA-LNCT000037.1,B7ZL34,P
HSA-LNCT000056.1,B7ZL34,P
HSA-LNCT000056.1,Q9NZI8,P
HSA-LNCT000056.1,Q9Y6M1,P
HSA-LNCT000056.1,O00425,P
HSA-LNCT011049.1,B7ZL34,P
HSA-LNCT011049.1,Q9NZI8,P
HSA-LNCT011049.1,Q9Y6M1,P
HSA-LNCT011049.1,O00425,P
HSA-LNCT005909.1,B7ZL34,P
HSA-LNCT005909.1,Q96PU8,P
HSA-LNCT005909.1,Q9NZI8,P
HSA-LNCT005909.1,Q9Y6M1,P
HSA-LNCT005909.1,O00425,P
HSA-LNCT007327.1,B7ZL34,P
HSA-LNCT007327.1,O00425,P
HSA-LNCT007473.1,B7ZL34,P
HSA-LNCT007473.1,Q9NZI8,P
HSA-LNCT007473.1,Q9Y6M1,P
HSA-LNCT007473.1,O00425,P
HSA-LNCT007473.2,B7ZL34,P
HSA-LNCT007473.2,Q9NZI8,P
HSA-LNCT007473.2,Q9Y6M1,P
HSA-LNCT007473.2,O00425,P
HSA-LNCT000006.1,B7ZL34,P
HSA-LNCT000006.1,Q9NZI8,P
HSA-LNCT000006.1,Q9Y6M1,P
HSA-LNCT000006.1,O00425,P
HSA-LNCT000006.1,Q9UPQ9,P
HSA-LNCT000006.1,Q9HCJ0,P
HSA-LNCT006294.9,B7ZL34,P
HSA-LNCT006294.9,Q96PU8,P
HSA-LNCT006294.9,Q9NZI8,P
HSA-LNCT006294.9,Q9Y6M1,P
HSA-LNCT006294.9,O00425,P
HSA-LNCT006294.9,Q8NDV7,P
HSA-LNCT006294.9,Q9UPQ9,P
HSA-LNCT006294.9,Q9HCJ0,P
HSA-LNCT006294.8,B7ZL34,P
HSA-LNCT006294.8,Q96PU8,P
HSA-LNCT006294.8,Q9NZI8,P
HSA-LNCT006294.8,Q9Y6M1,P
HSA-LNCT006294.8,O00425,P
HSA-LNCT006294.8,Q8NDV7,P
HSA-LNCT006294.8,Q9UPQ9,P
HSA-LNCT006294.8,Q9HCJ0,P
HSA-LNCT006294.10,B7ZL34,P
HSA-LNCT006294.10,Q96PU8,P
HSA-LNCT006294.10,Q9NZI8,P
HSA-LNCT006294.10,Q9Y6M1,P
HSA-LNCT006294.10,O00425,P
HSA-LNCT006294.10,Q8NDV7,P
HSA-LNCT006294.10,Q9UPQ9,P
HSA-LNCT006294.10,Q9HCJ0,P
HSA-LNCT006294.11,B7ZL34,P
HSA-LNCT006294.11,Q96PU8,P
HSA-LNCT006294.11,Q9NZI8,P
HSA-LNCT006294.11,Q9Y6M1,P
HSA-LNCT006294.11,O00425,P
HSA-LNCT006294.11,Q8NDV7,P
HSA-LNCT006294.11,Q9UPQ9,P
HSA-LNCT006294.11,Q9HCJ0,P
HSA-LNCT006294.12,B7ZL34,P
HSA-LNCT006294.12,Q96PU8,P
HSA-LNCT006294.12,Q9NZI8,P
HSA-LNCT006294.12,Q9Y6M1,P
HSA-LNCT006294.12,O00425,P
HSA-LNCT006294.12,Q8NDV7,P
HSA-LNCT006294.12,Q9UPQ9,P
HSA-LNCT006294.12,Q9HCJ0,P
HSA-LNCT005219.2,B7ZL34,P
HSA-LNCT005219.2,Q96PU8,P
HSA-LNCT005219.2,O00425,P
HSA-LNCT005219.3,B7ZL34,P
HSA-LNCT005219.3,Q96PU8,P
HSA-LNCT005219.3,O00425,P
HSA-LNCT000754.1,B7ZL34,P
HSA-LNCT000754.1,Q96PU8,P
HSA-LNCT000754.1,O00425,P
HSA-LNCT007023.1,B7ZL34,P
HSA-LNCT007023.1,Q9NZI8,P
HSA-LNCT007023.1,Q9Y6M1,P
HSA-LNCT007023.1,O00425,P
HSA-LNCT002159.1,B7ZL34,P
HSA-LNCT002159.1,Q9NZI8,P
HSA-LNCT002159.1,Q9Y6M1,P
HSA-LNCT002159.1,O00425,P
HSA-LNCT011228.1,B7ZL34,P
HSA-LNCT011228.1,Q96PU8,P
HSA-LNCT010077.1,B7ZL34,P
HSA-LNCT001190.1,B7ZL34,P
HSA-LNCT001190.1,Q96PU8,P
HSA-LNCT001190.1,Q9NZI8,P
HSA-LNCT001190.1,Q9Y6M1,P
HSA-LNCT001190.1,O00425,P
HSA-LNCT000311.3,B7ZL34,P
HSA-LNCT000311.3,Q9NZI8,P
HSA-LNCT000311.3,Q9Y6M1,P
HSA-LNCT000311.3,O00425,P
HSA-LNCT000311.3,Q8NDV7,P
HSA-LNCT000311.3,Q9HCJ0,P
HSA-LNCT000018.4,B7ZL34,P
HSA-LNCT000018.4,Q9NZI8,P
HSA-LNCT000018.4,Q9Y6M1,P
HSA-LNCT000018.4,O00425,P
HSA-LNCT000018.4,Q9HCJ0,P
HSA-LNCT000018.5,B7ZL34,P
HSA-LNCT000018.5,Q9NZI8,P
HSA-LNCT000018.5,Q9Y6M1,P
HSA-LNCT000018.5,O00425,P
HSA-LNCT008295.3,B7ZL34,P
HSA-LNCT008295.3,O00425,P
HSA-LNCT009323.1,B7ZL34,P
HSA-LNCT009323.1,Q96PU8,P
HSA-LNCT009323.1,Q9NZI8,P
HSA-LNCT009323.1,Q9Y6M1,P
HSA-LNCT009323.1,O00425,P
HSA-LNCT009323.2,B7ZL34,P
HSA-LNCT009323.2,Q96PU8,P
HSA-LNCT009323.2,Q9NZI8,P
HSA-LNCT009323.2,Q9Y6M1,P
HSA-LNCT009323.2,O00425,P
HSA-LNCT009323.4,B7ZL34,P
HSA-LNCT009323.4,O00425,P
HSA-LNCT009323.4,Q8NDV7,P
HSA-LNCT004292.11,B7ZL34,P
HSA-LNCT004292.11,Q96PU8,P
HSA-LNCT004292.11,Q9NZI8,P
HSA-LNCT004292.11,Q9Y6M1,P
HSA-LNCT004292.11,O00425,P
HSA-LNCT004292.11,Q8NDV7,P
HSA-LNCT004292.11,Q9HCJ0,P
HSA-LNCT007988.1,B7ZL34,P
HSA-LNCT008280.1,B7ZL34,P
HSA-LNCT008280.1,Q9NZI8,P
HSA-LNCT008280.1,Q9Y6M1,P
HSA-LNCT008280.1,Q9HCJ0,P
HSA-LNCT000041.4,B7ZL34,P
HSA-LNCT000041.4,Q9NZI8,P
HSA-LNCT000041.4,Q9Y6M1,P
HSA-LNCT000041.4,O00425,P
HSA-LNCT000041.3,B7ZL34,P
HSA-LNCT000041.3,Q9NZI8,P
HSA-LNCT000041.3,Q9Y6M1,P
HSA-LNCT000041.3,O00425,P
HSA-LNCT003852.1,B7ZL34,P
HSA-LNCT003852.1,Q9NZI8,P
HSA-LNCT003852.1,Q9Y6M1,P
HSA-LNCT003852.1,O00425,P
HSA-LNCT006654.1,B7ZL34,P
HSA-LNCT006654.1,Q9Y6M1,P
HSA-LNCT006654.1,Q9UPQ9,P
HSA-LNCT006654.1,Q9HCJ0,P
HSA-LNCT004470.1,B7ZL34,P
HSA-LNCT004470.1,O00425,P
HSA-LNCT004554.1,B7ZL34,P
HSA-LNCT004554.1,Q9NZI8,P
HSA-LNCT004554.1,Q9Y6M1,P
HSA-LNCT004554.1,O00425,P
HSA-LNCT004351.1,B7ZL34,P
HSA-LNCT006882.1,B7ZL34,P
HSA-LNCT006882.1,Q9NZI8,P
HSA-LNCT006882.1,O00425,P
HSA-LNCT000115.2,B7ZL34,P
HSA-LNCT000115.2,Q9NZI8,P
HSA-LNCT000115.2,Q9Y6M1,P
HSA-LNCT000115.2,O00425,P
HSA-LNCT000115.1,B7ZL34,P
HSA-LNCT000115.1,Q9NZI8,P
HSA-LNCT000115.1,Q9Y6M1,P
HSA-LNCT000115.1,O00425,P
HSA-LNCT000115.9,B7ZL34,P
HSA-LNCT000115.9,Q9NZI8,P
HSA-LNCT000115.9,Q9Y6M1,P
HSA-LNCT000115.9,O00425,P
HSA-LNCT001043.1,B7ZL34,P
HSA-LNCT001043.1,Q9NZI8,P
HSA-LNCT001043.1,O00425,P
HSA-LNCT008339.1,B7ZL34,P
HSA-LNCT008339.1,Q9Y6M1,P
HSA-LNCT008339.1,Q9HCJ0,P
HSA-LNCT000020.1,B7ZL34,P
HSA-LNCT000020.1,O00425,P
HSA-LNCT008828.17,B7ZL34,P
HSA-LNCT008828.17,Q96PU8,P
HSA-LNCT008828.17,Q9NZI8,P
HSA-LNCT008828.17,Q9Y6M1,P
HSA-LNCT008828.17,O00425,P
HSA-LNCT008828.17,Q8NDV7,P
HSA-LNCT008828.17,Q9UPQ9,P
HSA-LNCT008828.17,Q9HCJ0,P
HSA-LNCT008828.19,B7ZL34,P
HSA-LNCT008828.19,Q9NZI8,P
HSA-LNCT008828.19,Q9Y6M1,P
HSA-LNCT008828.19,O00425,P
HSA-LNCT008828.19,Q8NDV7,P
HSA-LNCT008828.19,Q9HCJ0,P
HSA-LNCT008540.1,B7ZL34,P
HSA-LNCT008540.1,Q9NZI8,P
HSA-LNCT008540.1,Q9Y6M1,P
HSA-LNCT008540.1,O00425,P
HSA-LNCT008540.2,B7ZL34,P
HSA-LNCT008540.2,Q9NZI8,P
HSA-LNCT008540.2,Q9Y6M1,P
HSA-LNCT008540.2,O00425,P
HSA-LNCT008540.3,B7ZL34,P
HSA-LNCT008540.3,Q9Y6M1,P
HSA-LNCT008540.3,O00425,P
HSA-LNCT003338.1,B7ZL34,P
HSA-LNCT003338.1,Q96PU8,P
HSA-LNCT003338.1,Q9NZI8,P
HSA-LNCT003338.1,Q9Y6M1,P
HSA-LNCT003338.1,O00425,P
HSA-LNCT003338.1,Q9UPQ9,P
HSA-LNCT003338.1,Q9HCJ0,P
HSA-LNCT006271.1,B7ZL34,P
HSA-LNCT009345.1,B7ZL34,P
HSA-LNCT009345.1,Q96PU8,P
HSA-LNCT009345.1,Q9NZI8,P
HSA-LNCT009345.1,Q9Y6M1,P
HSA-LNCT009345.1,O00425,P
HSA-LNCT002314.1,B7ZL34,P
HSA-LNCT002314.1,Q9NZI8,P
HSA-LNCT002314.1,Q9Y6M1,P
HSA-LNCT002314.1,O00425,P
HSA-LNCT009534.1,B7ZL34,P
HSA-LNCT009534.1,Q96PU8,P
HSA-LNCT009534.1,Q9Y6M1,P
HSA-LNCT009534.1,O00425,P
HSA-LNCT009534.1,Q8NDV7,P
HSA-LNCT009534.1,Q9UPQ9,P
HSA-LNCT009534.1,Q9HCJ0,P
HSA-LNCT004632.1,B7ZL34,P
HSA-LNCT004632.1,Q9NZI8,P
HSA-LNCT004632.1,Q9Y6M1,P
HSA-LNCT004632.1,O00425,P
HSA-LNCT003336.2,B7ZL34,P
HSA-LNCT003336.2,Q9NZI8,P
HSA-LNCT003336.2,Q9Y6M1,P
HSA-LNCT003336.2,O00425,P
HSA-LNCT003336.3,B7ZL34,P
HSA-LNCT003336.3,Q9NZI8,P
HSA-LNCT003336.3,Q9Y6M1,P
HSA-LNCT003336.3,O00425,P
HSA-LNCT003336.4,B7ZL34,P
HSA-LNCT003336.4,Q9NZI8,P
HSA-LNCT003336.4,Q9Y6M1,P
HSA-LNCT003336.4,O00425,P
HSA-LNCT003336.5,B7ZL34,P
HSA-LNCT003336.5,Q9NZI8,P
HSA-LNCT003336.5,Q9Y6M1,P
HSA-LNCT003336.5,O00425,P
HSA-LNCT003336.6,B7ZL34,P
HSA-LNCT003336.6,Q9NZI8,P
HSA-LNCT003336.6,Q9Y6M1,P
HSA-LNCT003336.6,O00425,P
HSA-LNCT003336.7,B7ZL34,P
HSA-LNCT003336.7,Q9NZI8,P
HSA-LNCT003336.7,Q9Y6M1,P
HSA-LNCT003336.7,O00425,P
HSA-LNCT005937.1,B7ZL34,P
HSA-LNCT005937.1,Q9NZI8,P
HSA-LNCT005937.1,Q9Y6M1,P
HSA-LNCT005937.1,O00425,P
HSA-LNCT005937.1,Q8NDV7,P
HSA-LNCT005937.1,Q9UPQ9,P
HSA-LNCT005937.1,Q9HCJ0,P
HSA-LNCT006136.1,B7ZL34,P
HSA-LNCT006136.1,Q8NDV7,P
HSA-LNCT006136.1,Q9UPQ9,P
HSA-LNCT006136.1,Q9HCJ0,P
HSA-LNCT005759.1,B7ZL34,P
HSA-LNCT005759.1,Q9Y6M1,P
HSA-LNCT009207.1,B7ZL34,P
HSA-LNCT009207.1,Q9NZI8,P
HSA-LNCT009207.1,Q9Y6M1,P
HSA-LNCT009207.1,O00425,P
HSA-LNCT009207.1,Q8NDV7,P
HSA-LNCT009207.1,Q9UPQ9,P
HSA-LNCT009207.1,Q9HCJ0,P
HSA-LNCT006429.1,B7ZL34,P
HSA-LNCT006429.1,Q9NZI8,P
HSA-LNCT006429.1,Q9Y6M1,P
HSA-LNCT006429.1,O00425,P
HSA-LNCT006429.10,B7ZL34,P
HSA-LNCT006429.10,Q9NZI8,P
HSA-LNCT006429.10,Q9Y6M1,P
HSA-LNCT006429.10,O00425,P
HSA-LNCT006350.2,B7ZL34,P
HSA-LNCT006350.2,Q9NZI8,P
HSA-LNCT006350.2,Q9Y6M1,P
HSA-LNCT006350.2,O00425,P
HSA-LNCT010240.2,B7ZL34,P
HSA-LNCT010240.2,Q9NZI8,P
HSA-LNCT010240.2,Q9Y6M1,P
HSA-LNCT010240.2,O00425,P
HSA-LNCT010240.2,Q9UPQ9,P
HSA-LNCT010240.1,B7ZL34,P
HSA-LNCT010240.1,Q9NZI8,P
HSA-LNCT010240.1,Q9Y6M1,P
HSA-LNCT010240.1,O00425,P
HSA-LNCT010240.1,Q9UPQ9,P
HSA-LNCT011663.1,B7ZL34,P
HSA-LNCT011663.1,Q9NZI8,P
HSA-LNCT011663.1,Q9Y6M1,P
HSA-LNCT011663.1,O00425,P
HSA-LNCT000082.3,B7ZL34,P
HSA-LNCT000082.3,Q9NZI8,P
HSA-LNCT000082.3,Q9Y6M1,P
HSA-LNCT000082.3,O00425,P
HSA-LNCT000082.3,Q8NDV7,P
HSA-LNCT000082.3,Q9UPQ9,P
HSA-LNCT000082.3,Q9HCJ0,P
HSA-LNCT010502.1,B7ZL34,P
HSA-LNCT010502.1,Q96PU8,P
HSA-LNCT010502.1,Q9NZI8,P
HSA-LNCT010502.1,Q9Y6M1,P
HSA-LNCT010502.1,O00425,P
HSA-LNCT000014.1,B7ZL34,P
HSA-LNCT000014.1,Q96PU8,P
HSA-LNCT000014.1,Q9NZI8,P
HSA-LNCT000014.1,Q9Y6M1,P
HSA-LNCT000014.1,O00425,P
HSA-LNCT000014.2,B7ZL34,P
HSA-LNCT000014.2,Q96PU8,P
HSA-LNCT000014.2,Q9NZI8,P
HSA-LNCT000014.2,Q9Y6M1,P
HSA-LNCT000014.2,O00425,P
HSA-LNCT011460.1,B7ZL34,P
HSA-LNCT011460.1,Q9Y6M1,P
HSA-LNCT000052.1,B7ZL34,P
HSA-LNCT000052.1,Q9NZI8,P
HSA-LNCT000052.1,Q9Y6M1,P
HSA-LNCT000052.1,O00425,P
HSA-LNCT000052.3,B7ZL34,P
HSA-LNCT000052.3,Q9NZI8,P
HSA-LNCT000052.3,Q9Y6M1,P
HSA-LNCT000052.3,O00425,P
HSA-LNCT000052.7,B7ZL34,P
HSA-LNCT000052.7,Q9NZI8,P
HSA-LNCT000052.7,Q9Y6M1,P
HSA-LNCT000052.7,O00425,P
HSA-LNCT011057.1,B7ZL34,P
HSA-LNCT004627.1,B7ZL34,P
HSA-LNCT004627.1,Q9Y6M1,P
HSA-LNCT004627.1,O00425,P
HSA-LNCT005791.1,B7ZL34,P
HSA-LNCT005791.1,Q9NZI8,P
HSA-LNCT005791.1,Q9Y6M1,P
HSA-LNCT005791.1,O00425,P
HSA-LNCT007826.3,B7ZL34,P
HSA-LNCT007826.3,Q9NZI8,P
HSA-LNCT007826.3,Q9Y6M1,P
HSA-LNCT007826.3,O00425,P
HSA-LNCT007826.3,Q9UPQ9,P
HSA-LNCT001572.1,B7ZL34,P
HSA-LNCT000329.1,B7ZL34,P
HSA-LNCT000329.1,Q9NZI8,P
HSA-LNCT000329.1,Q9Y6M1,P
HSA-LNCT000329.1,O00425,P
HSA-LNCT002710.5,B7ZL34,P
HSA-LNCT002710.5,Q96PU8,P
HSA-LNCT002710.5,Q9NZI8,P
HSA-LNCT002710.5,Q9Y6M1,P
HSA-LNCT002710.5,O00425,P
HSA-LNCT002710.5,Q8NDV7,P
HSA-LNCT002710.5,Q9UPQ9,P
HSA-LNCT002710.5,Q9HCJ0,P
HSA-LNCT006215.1,B7ZL34,P
HSA-LNCT001892.2,Q96PU8,P
HSA-LNCT001892.2,Q9NZI8,P
HSA-LNCT001892.2,Q9Y6M1,P
HSA-LNCT001892.2,O00425,P
HSA-LNCT001892.1,Q96PU8,P
HSA-LNCT001892.1,Q9NZI8,P
HSA-LNCT001892.1,Q9Y6M1,P
HSA-LNCT001892.1,O00425,P
HSA-LNCT001892.3,Q96PU8,P
HSA-LNCT001892.3,Q9NZI8,P
HSA-LNCT001892.3,Q9Y6M1,P
HSA-LNCT001892.3,O00425,P
HSA-LNCT000508.1,Q96PU8,P
HSA-LNCT000508.1,Q9NZI8,P
HSA-LNCT000508.1,Q9Y6M1,P
HSA-LNCT000508.1,O00425,P
HSA-LNCT005809.1,Q96PU8,P
HSA-LNCT005809.1,O00425,P
HSA-LNCT004476.1,Q96PU8,P
HSA-LNCT000177.1,Q96PU8,P
HSA-LNCT010061.2,Q96PU8,P
HSA-LNCT010061.2,Q9NZI8,P
HSA-LNCT010061.2,Q9Y6M1,P
HSA-LNCT010061.2,O00425,P
HSA-LNCT010061.1,Q96PU8,P
HSA-LNCT010061.1,Q9NZI8,P
HSA-LNCT010061.1,Q9Y6M1,P
HSA-LNCT010061.1,O00425,P
HSA-LNCT003334.2,Q96PU8,P
HSA-LNCT003334.2,O00425,P
HSA-LNCT003334.2,Q8NDV7,P
HSA-LNCT000203.2,Q96PU8,P
HSA-LNCT000203.2,Q9NZI8,P
HSA-LNCT000203.2,Q9Y6M1,P
HSA-LNCT000203.2,O00425,P
HSA-LNCT000421.2,Q96PU8,P
HSA-LNCT000421.2,Q9NZI8,P
HSA-LNCT000421.2,Q9Y6M1,P
HSA-LNCT000421.2,O00425,P
HSA-LNCT000339.2,Q96PU8,P
HSA-LNCT000339.2,O00425,P
HSA-LNCT000764.2,Q96PU8,P
HSA-LNCT005612.2,Q96PU8,P
HSA-LNCT005612.2,Q9NZI8,P
HSA-LNCT005612.2,Q9Y6M1,P
HSA-LNCT005612.2,O00425,P
HSA-LNCT006327.3,Q96PU8,P
HSA-LNCT006327.3,O00425,P
HSA-LNCT006327.4,Q96PU8,P
HSA-LNCT006327.4,O00425,P
HSA-LNCT004122.1,Q96PU8,P
HSA-LNCT004122.1,Q9Y6M1,P
HSA-LNCT004122.1,O00425,P
HSA-LNCT010440.1,Q96PU8,P
HSA-LNCT000185.1,Q96PU8,P
HSA-LNCT000185.1,Q9NZI8,P
HSA-LNCT000185.1,Q9Y6M1,P
HSA-LNCT000185.1,O00425,P
HSA-LNCT000185.2,Q96PU8,P
HSA-LNCT000185.2,Q9NZI8,P
HSA-LNCT000185.2,Q9Y6M1,P
HSA-LNCT000185.2,O00425,P
HSA-LNCT000185.3,Q96PU8,P
HSA-LNCT000185.3,Q9NZI8,P
HSA-LNCT000185.3,Q9Y6M1,P
HSA-LNCT000185.3,O00425,P
HSA-LNCT000185.5,Q96PU8,P
HSA-LNCT000185.5,Q9NZI8,P
HSA-LNCT000185.5,Q9Y6M1,P
HSA-LNCT000185.5,O00425,P
HSA-LNCT000185.6,Q96PU8,P
HSA-LNCT000185.6,Q9NZI8,P
HSA-LNCT000185.6,Q9Y6M1,P
HSA-LNCT000185.6,O00425,P
HSA-LNCT010380.1,Q96PU8,P
HSA-LNCT001217.1,Q96PU8,P
HSA-LNCT000936.8,Q96PU8,P
HSA-LNCT000936.8,Q9NZI8,P
HSA-LNCT000936.8,Q9Y6M1,P
HSA-LNCT000936.8,O00425,P
HSA-LNCT000936.9,Q96PU8,P
HSA-LNCT000936.9,Q9Y6M1,P
HSA-LNCT000936.10,Q96PU8,P
HSA-LNCT000936.10,Q9Y6M1,P
HSA-LNCT008828.3,Q96PU8,P
HSA-LNCT008828.3,Q9NZI8,P
HSA-LNCT008828.3,Q9Y6M1,P
HSA-LNCT008828.3,O00425,P
HSA-LNCT008828.3,Q8NDV7,P
HSA-LNCT008828.3,Q9HCJ0,P
HSA-LNCT008828.2,Q96PU8,P
HSA-LNCT008828.2,Q9NZI8,P
HSA-LNCT008828.2,Q9Y6M1,P
HSA-LNCT008828.2,O00425,P
HSA-LNCT008828.2,Q8NDV7,P
HSA-LNCT008828.2,Q9HCJ0,P
HSA-LNCT008828.21,Q96PU8,P
HSA-LNCT008828.21,Q9NZI8,P
HSA-LNCT008828.21,Q9Y6M1,P
HSA-LNCT008828.21,O00425,P
HSA-LNCT008828.21,Q8NDV7,P
HSA-LNCT008828.21,Q9HCJ0,P
HSA-LNCT008828.23,Q96PU8,P
HSA-LNCT008828.23,Q9NZI8,P
HSA-LNCT008828.23,Q9Y6M1,P
HSA-LNCT008828.23,Q8NDV7,P
HSA-LNCT008828.23,Q9HCJ0,P
HSA-LNCT009017.1,Q96PU8,P
HSA-LNCT000034.1,Q96PU8,P
HSA-LNCT000034.1,Q9NZI8,P
HSA-LNCT000034.1,Q9Y6M1,P
HSA-LNCT000034.1,O00425,P
HSA-LNCT000034.4,Q96PU8,P
HSA-LNCT000034.4,Q9NZI8,P
HSA-LNCT000034.4,Q9Y6M1,P
HSA-LNCT000034.4,O00425,P
HSA-LNCT000034.3,Q96PU8,P
HSA-LNCT000034.3,Q9NZI8,P
HSA-LNCT000034.3,Q9Y6M1,P
HSA-LNCT000034.3,O00425,P
HSA-LNCT000034.5,Q96PU8,P
HSA-LNCT000034.5,Q9NZI8,P
HSA-LNCT000034.5,Q9Y6M1,P
HSA-LNCT000034.5,O00425,P
HSA-LNCT000034.8,Q96PU8,P
HSA-LNCT000034.8,Q9NZI8,P
HSA-LNCT000034.8,Q9Y6M1,P
HSA-LNCT000034.8,O00425,P
HSA-LNCT000034.9,Q96PU8,P
HSA-LNCT000034.9,Q9Y6M1,P
HSA-LNCT000034.9,O00425,P
HSA-LNCT000034.13,Q96PU8,P
HSA-LNCT000034.13,Q9Y6M1,P
HSA-LNCT000034.13,O00425,P
HSA-LNCT000034.12,Q96PU8,P
HSA-LNCT000034.12,Q9Y6M1,P
HSA-LNCT000034.12,O00425,P
HSA-LNCT000034.11,Q96PU8,P
HSA-LNCT000034.11,Q9Y6M1,P
HSA-LNCT000034.11,O00425,P
HSA-LNCT009431.3,Q96PU8,P
HSA-LNCT009431.3,Q9NZI8,P
HSA-LNCT009431.3,Q9Y6M1,P
HSA-LNCT009431.3,O00425,P
HSA-LNCT009230.1,Q96PU8,P
HSA-LNCT009230.1,Q9NZI8,P
HSA-LNCT009230.1,Q9Y6M1,P
HSA-LNCT009230.1,O00425,P
HSA-LNCT009522.1,Q96PU8,P
HSA-LNCT009490.1,Q96PU8,P
HSA-LNCT000512.3,Q96PU8,P
HSA-LNCT000512.3,Q9NZI8,P
HSA-LNCT000512.3,Q9Y6M1,P
HSA-LNCT000512.3,O00425,P
HSA-LNCT004780.1,Q96PU8,P
HSA-LNCT004780.2,Q96PU8,P
HSA-LNCT010037.3,Q96PU8,P
HSA-LNCT010037.3,Q9NZI8,P
HSA-LNCT010037.3,Q9Y6M1,P
HSA-LNCT010037.3,O00425,P
HSA-LNCT010037.4,Q96PU8,P
HSA-LNCT010037.4,Q9NZI8,P
HSA-LNCT010037.4,Q9Y6M1,P
HSA-LNCT010037.4,O00425,P
HSA-LNCT011372.1,Q96PU8,P
HSA-LNCT011372.1,Q9NZI8,P
HSA-LNCT011372.1,Q9Y6M1,P
HSA-LNCT011372.1,O00425,P
HSA-LNCT001225.1,Q96PU8,P
HSA-LNCT002605.1,Q96PU8,P
HSA-LNCT011098.5,Q96PU8,P
HSA-LNCT001598.1,Q96PU8,P
HSA-LNCT002248.2,Q9NZI8,P
HSA-LNCT002379.1,Q9NZI8,P
HSA-LNCT002379.1,O00425,P
HSA-LNCT002024.1,Q9NZI8,P
HSA-LNCT002024.1,Q9Y6M1,P
HSA-LNCT002024.1,O00425,P
HSA-LNCT001892.4,Q9NZI8,P
HSA-LNCT001892.4,Q9Y6M1,P
HSA-LNCT001892.4,O00425,P
HSA-LNCT000517.1,Q9NZI8,P
HSA-LNCT000517.1,Q9Y6M1,P
HSA-LNCT000517.1,O00425,P
HSA-LNCT000517.3,Q9NZI8,P
HSA-LNCT000517.3,Q9Y6M1,P
HSA-LNCT000517.3,O00425,P
HSA-LNCT000517.2,Q9NZI8,P
HSA-LNCT000517.2,O00425,P
HSA-LNCT000277.1,Q9NZI8,P
HSA-LNCT000277.1,Q9Y6M1,P
HSA-LNCT000277.1,O00425,P
HSA-LNCT005095.1,Q9NZI8,P
HSA-LNCT005095.1,Q9Y6M1,P
HSA-LNCT005095.1,O00425,P
HSA-LNCT002144.1,Q9NZI8,P
HSA-LNCT002144.1,Q9Y6M1,P
HSA-LNCT002144.1,O00425,P
HSA-LNCT005740.1,Q9NZI8,P
HSA-LNCT005740.1,Q9Y6M1,P
HSA-LNCT005740.1,O00425,P
HSA-LNCT005809.2,Q9NZI8,P
HSA-LNCT005809.2,O00425,P
HSA-LNCT010959.1,Q9NZI8,P
HSA-LNCT010959.1,Q9Y6M1,P
HSA-LNCT010959.1,O00425,P
HSA-LNCT003325.1,Q9NZI8,P
HSA-LNCT003325.1,Q9Y6M1,P
HSA-LNCT003325.1,O00425,P
HSA-LNCT007572.1,Q9NZI8,P
HSA-LNCT007572.1,Q9Y6M1,P
HSA-LNCT007572.1,O00425,P
HSA-LNCT011199.1,Q9NZI8,P
HSA-LNCT011199.1,Q9Y6M1,P
HSA-LNCT011199.1,O00425,P
HSA-LNCT003867.1,Q9NZI8,P
HSA-LNCT003867.1,Q9Y6M1,P
HSA-LNCT003867.3,Q9NZI8,P
HSA-LNCT003867.3,Q9Y6M1,P
HSA-LNCT003867.6,Q9NZI8,P
HSA-LNCT009705.1,Q9NZI8,P
HSA-LNCT009705.1,Q9Y6M1,P
HSA-LNCT006503.1,Q9NZI8,P
HSA-LNCT006503.1,Q9Y6M1,P
HSA-LNCT006503.1,O00425,P
HSA-LNCT001550.1,Q9NZI8,P
HSA-LNCT001550.2,Q9NZI8,P
HSA-LNCT001550.2,O00425,P
HSA-LNCT003250.3,Q9NZI8,P
HSA-LNCT003250.3,O00425,P
HSA-LNCT003250.5,Q9NZI8,P
HSA-LNCT000532.1,Q9NZI8,P
HSA-LNCT000532.1,Q9Y6M1,P
HSA-LNCT000532.1,O00425,P
HSA-LNCT000542.1,Q9NZI8,P
HSA-LNCT000542.1,Q9Y6M1,P
HSA-LNCT000542.1,O00425,P
HSA-LNCT004220.7,Q9NZI8,P
HSA-LNCT005995.1,Q9NZI8,P
HSA-LNCT005995.1,O00425,P
HSA-LNCT003822.1,Q9NZI8,P
HSA-LNCT003822.1,O00425,P
HSA-LNCT007384.1,Q9NZI8,P
HSA-LNCT002669.1,Q9NZI8,P
HSA-LNCT003410.1,Q9NZI8,P
HSA-LNCT004395.1,Q9NZI8,P
HSA-LNCT004395.11,Q9NZI8,P
HSA-LNCT004395.10,Q9NZI8,P
HSA-LNCT004395.9,Q9NZI8,P
HSA-LNCT004395.9,Q9Y6M1,P
HSA-LNCT004395.8,Q9NZI8,P
HSA-LNCT004395.8,Q9Y6M1,P
HSA-LNCT004395.8,O00425,P
HSA-LNCT004395.8,Q9UPQ9,P
HSA-LNCT004395.8,Q9HCJ0,P
HSA-LNCT004395.7,Q9NZI8,P
HSA-LNCT004395.6,Q9NZI8,P
HSA-LNCT004395.3,Q9NZI8,P
HSA-LNCT004395.3,Q9Y6M1,P
HSA-LNCT004395.3,O00425,P
HSA-LNCT004395.3,Q9UPQ9,P
HSA-LNCT004395.3,Q9HCJ0,P
HSA-LNCT004395.2,Q9NZI8,P
HSA-LNCT004395.12,Q9NZI8,P
HSA-LNCT004395.12,Q9Y6M1,P
HSA-LNCT004395.12,O00425,P
HSA-LNCT004395.12,Q9UPQ9,P
HSA-LNCT004395.12,Q9HCJ0,P
HSA-LNCT004395.15,Q9NZI8,P
HSA-LNCT004395.19,Q9NZI8,P
HSA-LNCT004395.19,Q9Y6M1,P
HSA-LNCT004739.3,Q9NZI8,P
HSA-LNCT004739.3,Q9Y6M1,P
HSA-LNCT004739.3,O00425,P
HSA-LNCT004739.2,Q9NZI8,P
HSA-LNCT004739.2,Q9Y6M1,P
HSA-LNCT004739.2,O00425,P
HSA-LNCT004739.1,Q9NZI8,P
HSA-LNCT004739.1,Q9Y6M1,P
HSA-LNCT004739.1,O00425,P
HSA-LNCT004739.4,Q9NZI8,P
HSA-LNCT004739.4,Q9Y6M1,P
HSA-LNCT004739.4,O00425,P
HSA-LNCT002729.1,Q9NZI8,P
HSA-LNCT002729.1,O00425,P
HSA-LNCT000049.2,Q9NZI8,P
HSA-LNCT000049.2,Q9Y6M1,P
HSA-LNCT000049.2,O00425,P
HSA-LNCT000183.2,Q9NZI8,P
HSA-LNCT000183.2,O00425,P
HSA-LNCT011744.1,Q9NZI8,P
HSA-LNCT011744.1,O00425,P
HSA-LNCT003965.1,Q9NZI8,P
HSA-LNCT003965.1,Q9Y6M1,P
HSA-LNCT003965.1,O00425,P
HSA-LNCT001465.1,Q9NZI8,P
HSA-LNCT005235.1,Q9NZI8,P
HSA-LNCT005235.1,Q9Y6M1,P
HSA-LNCT005235.1,O00425,P
HSA-LNCT009158.1,Q9NZI8,P
HSA-LNCT000421.1,Q9NZI8,P
HSA-LNCT000421.1,Q9Y6M1,P
HSA-LNCT000421.1,O00425,P
HSA-LNCT000137.1,Q9NZI8,P
HSA-LNCT000137.3,Q9NZI8,P
HSA-LNCT000137.3,Q9Y6M1,P
HSA-LNCT000137.4,Q9NZI8,P
HSA-LNCT000137.5,Q9NZI8,P
HSA-LNCT000137.6,Q9NZI8,P
HSA-LNCT000137.7,Q9NZI8,P
HSA-LNCT000137.8,Q9NZI8,P
HSA-LNCT000137.9,Q9NZI8,P
HSA-LNCT000137.9,Q9Y6M1,P
HSA-LNCT000137.9,O00425,P
HSA-LNCT000137.9,Q8NDV7,P
HSA-LNCT000137.10,Q9NZI8,P
HSA-LNCT000137.10,Q9Y6M1,P
HSA-LNCT000137.10,O00425,P
HSA-LNCT000137.11,Q9NZI8,P
HSA-LNCT000137.12,Q9NZI8,P
HSA-LNCT002779.1,Q9NZI8,P
HSA-LNCT002779.1,Q9Y6M1,P
HSA-LNCT002779.1,O00425,P
HSA-LNCT002256.5,Q9NZI8,P
HSA-LNCT002256.1,Q9NZI8,P
HSA-LNCT000216.2,Q9NZI8,P
HSA-LNCT000216.5,Q9NZI8,P
HSA-LNCT000216.7,Q9NZI8,P
HSA-LNCT000216.6,Q9NZI8,P
HSA-LNCT000216.8,Q9NZI8,P
HSA-LNCT000216.10,Q9NZI8,P
HSA-LNCT000216.11,Q9NZI8,P
HSA-LNCT000216.13,Q9NZI8,P
HSA-LNCT000806.2,Q9NZI8,P
HSA-LNCT000806.2,Q9Y6M1,P
HSA-LNCT000806.2,O00425,P
HSA-LNCT000806.4,Q9NZI8,P
HSA-LNCT000806.4,Q9Y6M1,P
HSA-LNCT000806.4,O00425,P
HSA-LNCT000806.5,Q9NZI8,P
HSA-LNCT000806.5,Q9Y6M1,P
HSA-LNCT005252.1,Q9NZI8,P
HSA-LNCT005252.1,Q9Y6M1,P
HSA-LNCT005252.1,O00425,P
HSA-LNCT005252.6,Q9NZI8,P
HSA-LNCT005252.6,Q9Y6M1,P
HSA-LNCT005252.6,O00425,P
HSA-LNCT005924.1,Q9NZI8,P
HSA-LNCT005924.1,Q9Y6M1,P
HSA-LNCT005924.1,O00425,P
HSA-LNCT005924.1,Q8NDV7,P
HSA-LNCT005924.2,Q9NZI8,P
HSA-LNCT005924.2,Q9Y6M1,P
HSA-LNCT005409.1,Q9NZI8,P
HSA-LNCT005409.2,Q9NZI8,P
HSA-LNCT005708.1,Q9NZI8,P
HSA-LNCT005708.1,Q9Y6M1,P
HSA-LNCT005708.1,O00425,P
HSA-LNCT001088.1,Q9NZI8,P
HSA-LNCT001088.1,Q9Y6M1,P
HSA-LNCT008343.4,Q9NZI8,P
HSA-LNCT008343.4,Q9Y6M1,P
HSA-LNCT000412.1,Q9NZI8,P
HSA-LNCT000412.1,Q9Y6M1,P
HSA-LNCT000412.1,O00425,P
HSA-LNCT000412.2,Q9NZI8,P
HSA-LNCT000412.2,Q9Y6M1,P
HSA-LNCT000412.2,O00425,P
HSA-LNCT000412.3,Q9NZI8,P
HSA-LNCT000412.3,Q9Y6M1,P
HSA-LNCT000412.3,O00425,P
HSA-LNCT000412.4,Q9NZI8,P
HSA-LNCT000412.4,Q9Y6M1,P
HSA-LNCT000412.4,O00425,P
HSA-LNCT000412.5,Q9NZI8,P
HSA-LNCT000412.5,Q9Y6M1,P
HSA-LNCT000412.5,O00425,P
HSA-LNCT000412.7,Q9NZI8,P
HSA-LNCT000412.7,Q9Y6M1,P
HSA-LNCT000412.7,O00425,P
HSA-LNCT000412.8,Q9NZI8,P
HSA-LNCT000412.8,Q9Y6M1,P
HSA-LNCT000412.8,O00425,P
HSA-LNCT000412.10,Q9NZI8,P
HSA-LNCT000412.10,Q9Y6M1,P
HSA-LNCT000412.10,O00425,P
HSA-LNCT000412.21,Q9NZI8,P
HSA-LNCT000412.21,Q9Y6M1,P
HSA-LNCT000412.21,O00425,P
HSA-LNCT000412.11,Q9NZI8,P
HSA-LNCT000412.11,Q9Y6M1,P
HSA-LNCT000412.11,O00425,P
HSA-LNCT000412.19,Q9NZI8,P
HSA-LNCT007032.1,Q9NZI8,P
HSA-LNCT007032.1,Q9Y6M1,P
HSA-LNCT007032.1,O00425,P
HSA-LNCT002807.1,Q9NZI8,P
HSA-LNCT000056.7,Q9NZI8,P
HSA-LNCT000056.7,Q9Y6M1,P
HSA-LNCT000056.3,Q9NZI8,P
HSA-LNCT000056.3,Q9Y6M1,P
HSA-LNCT000056.3,O00425,P
HSA-LNCT000056.2,Q9NZI8,P
HSA-LNCT000056.2,Q9Y6M1,P
HSA-LNCT000056.2,O00425,P
HSA-LNCT000056.4,Q9NZI8,P
HSA-LNCT000056.4,Q9Y6M1,P
HSA-LNCT000056.4,O00425,P
HSA-LNCT000056.5,Q9NZI8,P
HSA-LNCT000056.6,Q9NZI8,P
HSA-LNCT005874.1,Q9NZI8,P
HSA-LNCT005874.1,Q9Y6M1,P
HSA-LNCT005874.1,O00425,P
HSA-LNCT005874.2,Q9NZI8,P
HSA-LNCT005874.2,Q9Y6M1,P
HSA-LNCT005874.2,O00425,P
HSA-LNCT006096.1,Q9NZI8,P
HSA-LNCT005991.1,Q9NZI8,P
HSA-LNCT005991.1,Q9Y6M1,P
HSA-LNCT005991.1,O00425,P
HSA-LNCT005991.1,Q9HCJ0,P
HSA-LNCT007216.1,Q9NZI8,P
HSA-LNCT007216.1,O00425,P
HSA-LNCT007216.3,Q9NZI8,P
HSA-LNCT007216.3,O00425,P
HSA-LNCT007216.2,Q9NZI8,P
HSA-LNCT007216.2,O00425,P
HSA-LNCT007216.5,Q9NZI8,P
HSA-LNCT007216.5,O00425,P
HSA-LNCT007216.6,Q9NZI8,P
HSA-LNCT007216.6,O00425,P
HSA-LNCT000067.2,Q9NZI8,P
HSA-LNCT000067.2,Q9Y6M1,P
HSA-LNCT000067.2,O00425,P
HSA-LNCT000067.1,Q9NZI8,P
HSA-LNCT000067.1,Q9Y6M1,P
HSA-LNCT000067.1,O00425,P
HSA-LNCT011774.1,Q9NZI8,P
HSA-LNCT011774.1,Q9Y6M1,P
HSA-LNCT011774.1,O00425,P
HSA-LNCT001739.1,Q9NZI8,P
HSA-LNCT001739.1,Q9Y6M1,P
HSA-LNCT001739.1,O00425,P
HSA-LNCT007473.3,Q9NZI8,P
HSA-LNCT007473.3,O00425,P
HSA-LNCT007045.1,Q9NZI8,P
HSA-LNCT007045.1,O00425,P
HSA-LNCT010660.1,Q9NZI8,P
HSA-LNCT010660.1,Q9Y6M1,P
HSA-LNCT010660.1,O00425,P
HSA-LNCT006874.1,Q9NZI8,P
HSA-LNCT006874.1,Q9Y6M1,P
HSA-LNCT006874.1,O00425,P
HSA-LNCT007428.1,Q9NZI8,P
HSA-LNCT007428.1,Q9Y6M1,P
HSA-LNCT007428.1,O00425,P
HSA-LNCT006463.1,Q9NZI8,P
HSA-LNCT007899.1,Q9NZI8,P
HSA-LNCT007899.1,Q9Y6M1,P
HSA-LNCT007899.1,O00425,P
HSA-LNCT007650.1,Q9NZI8,P
HSA-LNCT007650.1,Q9Y6M1,P
HSA-LNCT007389.1,Q9NZI8,P
HSA-LNCT007389.2,Q9NZI8,P
HSA-LNCT007389.5,Q9NZI8,P
HSA-LNCT007389.7,Q9NZI8,P
HSA-LNCT000006.2,Q9NZI8,P
HSA-LNCT000006.2,Q9Y6M1,P
HSA-LNCT000006.2,O00425,P
HSA-LNCT000006.2,Q9UPQ9,P
HSA-LNCT000006.2,Q9HCJ0,P
HSA-LNCT000006.5,Q9NZI8,P
HSA-LNCT000006.5,Q9Y6M1,P
HSA-LNCT000006.5,O00425,P
HSA-LNCT000006.4,Q9NZI8,P
HSA-LNCT000006.4,Q9Y6M1,P
HSA-LNCT000006.4,O00425,P
HSA-LNCT000006.3,Q9NZI8,P
HSA-LNCT000006.3,Q9Y6M1,P
HSA-LNCT000006.3,O00425,P
HSA-LNCT000006.8,Q9NZI8,P
HSA-LNCT000006.8,Q9Y6M1,P
HSA-LNCT000006.8,O00425,P
HSA-LNCT000006.6,Q9NZI8,P
HSA-LNCT000006.6,Q9Y6M1,P
HSA-LNCT000006.6,O00425,P
HSA-LNCT000006.7,Q9NZI8,P
HSA-LNCT000006.7,Q9Y6M1,P
HSA-LNCT000006.7,O00425,P
HSA-LNCT000006.7,Q9UPQ9,P
HSA-LNCT000006.7,Q9HCJ0,P
HSA-LNCT000006.10,Q9NZI8,P
HSA-LNCT000006.10,Q9Y6M1,P
HSA-LNCT000006.10,O00425,P
HSA-LNCT006430.5,Q9NZI8,P
HSA-LNCT006430.5,O00425,P
HSA-LNCT006494.1,Q9NZI8,P
HSA-LNCT006494.1,Q9Y6M1,P
HSA-LNCT006494.1,O00425,P
HSA-LNCT006327.7,Q9NZI8,P
HSA-LNCT006327.7,Q9Y6M1,P
HSA-LNCT006327.7,O00425,P
HSA-LNCT002969.1,Q9NZI8,P
HSA-LNCT002969.1,Q9Y6M1,P
HSA-LNCT002969.1,O00425,P
HSA-LNCT007423.8,Q9NZI8,P
HSA-LNCT004020.1,Q9NZI8,P
HSA-LNCT004020.1,O00425,P
HSA-LNCT005846.1,Q9NZI8,P
HSA-LNCT005846.1,Q9Y6M1,P
HSA-LNCT005846.1,O00425,P
HSA-LNCT003537.1,Q9NZI8,P
HSA-LNCT003537.1,Q9Y6M1,P
HSA-LNCT003537.1,O00425,P
HSA-LNCT000039.1,Q9NZI8,P
HSA-LNCT000039.1,Q9Y6M1,P
HSA-LNCT000039.1,O00425,P
HSA-LNCT000039.8,Q9NZI8,P
HSA-LNCT000039.3,Q9NZI8,P
HSA-LNCT000478.2,Q9NZI8,P
HSA-LNCT000478.2,Q9Y6M1,P
HSA-LNCT000478.1,Q9NZI8,P
HSA-LNCT000478.1,Q9Y6M1,P
HSA-LNCT000478.4,Q9NZI8,P
HSA-LNCT000478.4,Q9Y6M1,P
HSA-LNCT003577.4,Q9NZI8,P
HSA-LNCT003577.4,O00425,P
HSA-LNCT003577.5,Q9NZI8,P
HSA-LNCT000311.1,Q9NZI8,P
HSA-LNCT000311.1,Q9Y6M1,P
HSA-LNCT000311.1,O00425,P
HSA-LNCT000311.7,Q9NZI8,P
HSA-LNCT000311.7,Q9Y6M1,P
HSA-LNCT000311.7,O00425,P
HSA-LNCT000311.5,Q9NZI8,P
HSA-LNCT000311.5,Q9Y6M1,P
HSA-LNCT000311.5,O00425,P
HSA-LNCT000311.4,Q9NZI8,P
HSA-LNCT000311.4,Q9Y6M1,P
HSA-LNCT000311.4,O00425,P
HSA-LNCT000860.1,Q9NZI8,P
HSA-LNCT000860.1,O00425,P
HSA-LNCT000018.1,Q9NZI8,P
HSA-LNCT000018.1,Q9Y6M1,P
HSA-LNCT000018.1,O00425,P
HSA-LNCT000018.2,Q9NZI8,P
HSA-LNCT000018.2,Q9Y6M1,P
HSA-LNCT000018.2,O00425,P
HSA-LNCT006173.1,Q9NZI8,P
HSA-LNCT006173.1,Q9Y6M1,P
HSA-LNCT006173.1,O00425,P
HSA-LNCT001131.1,Q9NZI8,P
HSA-LNCT001131.2,Q9NZI8,P
HSA-LNCT001131.3,Q9NZI8,P
HSA-LNCT001131.4,Q9NZI8,P
HSA-LNCT010473.1,Q9NZI8,P
HSA-LNCT010473.1,Q9Y6M1,P
HSA-LNCT010473.1,O00425,P
HSA-LNCT003959.3,Q9NZI8,P
HSA-LNCT007915.1,Q9NZI8,P
HSA-LNCT007915.1,Q9Y6M1,P
HSA-LNCT009323.3,Q9NZI8,P
HSA-LNCT004258.1,Q9NZI8,P
HSA-LNCT004258.1,Q9Y6M1,P
HSA-LNCT004258.1,O00425,P
HSA-LNCT001160.2,Q9NZI8,P
HSA-LNCT000202.1,Q9NZI8,P
HSA-LNCT000202.1,Q9Y6M1,P
HSA-LNCT000202.1,O00425,P
HSA-LNCT000438.1,Q9NZI8,P
HSA-LNCT000438.1,Q9Y6M1,P
HSA-LNCT004292.2,Q9NZI8,P
HSA-LNCT004292.2,Q9Y6M1,P
HSA-LNCT004292.2,O00425,P
HSA-LNCT004292.3,Q9NZI8,P
HSA-LNCT004292.3,Q9Y6M1,P
HSA-LNCT004292.3,O00425,P
HSA-LNCT004292.4,Q9NZI8,P
HSA-LNCT004292.4,Q9Y6M1,P
HSA-LNCT004292.4,O00425,P
HSA-LNCT004292.7,Q9NZI8,P
HSA-LNCT004292.7,Q9Y6M1,P
HSA-LNCT004292.7,O00425,P
HSA-LNCT006182.1,Q9NZI8,P
HSA-LNCT006182.2,Q9NZI8,P
HSA-LNCT010621.1,Q9NZI8,P
HSA-LNCT010621.1,Q9Y6M1,P
HSA-LNCT010621.1,O00425,P
HSA-LNCT005678.1,Q9NZI8,P
HSA-LNCT005081.1,Q9NZI8,P
HSA-LNCT005081.2,Q9NZI8,P
HSA-LNCT005081.3,Q9NZI8,P
HSA-LNCT005081.4,Q9NZI8,P
HSA-LNCT005081.5,Q9NZI8,P
HSA-LNCT000012.1,Q9NZI8,P
HSA-LNCT000012.1,Q9Y6M1,P
HSA-LNCT000012.1,O00425,P
HSA-LNCT000011.3,Q9NZI8,P
HSA-LNCT000011.3,Q9Y6M1,P
HSA-LNCT000011.3,O00425,P
HSA-LNCT000011.6,Q9NZI8,P
HSA-LNCT000011.6,Q9Y6M1,P
HSA-LNCT000011.6,O00425,P
HSA-LNCT000011.5,Q9NZI8,P
HSA-LNCT000011.5,Q9Y6M1,P
HSA-LNCT000011.5,O00425,P
HSA-LNCT000011.4,Q9NZI8,P
HSA-LNCT000011.4,Q9Y6M1,P
HSA-LNCT000011.4,O00425,P
HSA-LNCT000011.7,Q9NZI8,P
HSA-LNCT000011.7,Q9Y6M1,P
HSA-LNCT000011.7,O00425,P
HSA-LNCT000011.8,Q9NZI8,P
HSA-LNCT000011.8,Q9Y6M1,P
HSA-LNCT000011.8,O00425,P
HSA-LNCT000011.9,Q9NZI8,P
HSA-LNCT000011.9,Q9Y6M1,P
HSA-LNCT000011.9,O00425,P
HSA-LNCT000011.11,Q9NZI8,P
HSA-LNCT000011.11,O00425,P
HSA-LNCT000011.12,Q9NZI8,P
HSA-LNCT000011.12,Q9Y6M1,P
HSA-LNCT000011.12,O00425,P
HSA-LNCT000185.4,Q9NZI8,P
HSA-LNCT000185.4,Q9Y6M1,P
HSA-LNCT000185.4,O00425,P
HSA-LNCT000185.8,Q9NZI8,P
HSA-LNCT000185.8,Q9Y6M1,P
HSA-LNCT000185.8,O00425,P
HSA-LNCT000185.12,Q9NZI8,P
HSA-LNCT000185.12,Q9Y6M1,P
HSA-LNCT000185.12,O00425,P
HSA-LNCT000185.11,Q9NZI8,P
HSA-LNCT000185.11,Q9Y6M1,P
HSA-LNCT000185.11,O00425,P
HSA-LNCT000185.10,Q9NZI8,P
HSA-LNCT000185.10,Q9Y6M1,P
HSA-LNCT000185.10,O00425,P
HSA-LNCT000185.15,Q9NZI8,P
HSA-LNCT000185.15,Q9Y6M1,P
HSA-LNCT000185.15,O00425,P
HSA-LNCT000185.14,Q9NZI8,P
HSA-LNCT000185.14,Q9Y6M1,P
HSA-LNCT000185.14,O00425,P
HSA-LNCT000185.18,Q9NZI8,P
HSA-LNCT000185.18,O00425,P
HSA-LNCT006325.1,Q9NZI8,P
HSA-LNCT006325.1,Q9Y6M1,P
HSA-LNCT006325.1,O00425,P
HSA-LNCT006325.2,Q9NZI8,P
HSA-LNCT006325.2,Q9Y6M1,P
HSA-LNCT006325.2,O00425,P
HSA-LNCT006325.3,Q9NZI8,P
HSA-LNCT006325.3,Q9Y6M1,P
HSA-LNCT006325.3,O00425,P
HSA-LNCT006325.4,Q9NZI8,P
HSA-LNCT006325.4,O00425,P
HSA-LNCT006325.5,Q9NZI8,P
HSA-LNCT006325.5,O00425,P
HSA-LNCT000041.1,Q9NZI8,P
HSA-LNCT000041.1,Q9Y6M1,P
HSA-LNCT000041.1,O00425,P
HSA-LNCT000041.2,Q9NZI8,P
HSA-LNCT000041.2,Q9Y6M1,P
HSA-LNCT000041.2,O00425,P
HSA-LNCT000041.5,Q9NZI8,P
HSA-LNCT000041.5,Q9Y6M1,P
HSA-LNCT000041.5,O00425,P
HSA-LNCT008434.1,Q9NZI8,P
HSA-LNCT008434.1,Q9Y6M1,P
HSA-LNCT008434.1,O00425,P
HSA-LNCT000054.1,Q9NZI8,P
HSA-LNCT000054.1,O00425,P
HSA-LNCT000054.2,Q9NZI8,P
HSA-LNCT000054.2,O00425,P
HSA-LNCT000054.3,Q9NZI8,P
HSA-LNCT000054.3,O00425,P
HSA-LNCT000054.5,Q9NZI8,P
HSA-LNCT000054.5,O00425,P
HSA-LNCT000054.7,Q9NZI8,P
HSA-LNCT000054.7,O00425,P
HSA-LNCT000054.8,Q9NZI8,P
HSA-LNCT000054.8,O00425,P
HSA-LNCT000054.9,Q9NZI8,P
HSA-LNCT000054.9,O00425,P
HSA-LNCT006123.1,Q9NZI8,P
HSA-LNCT006123.1,Q9Y6M1,P
HSA-LNCT006123.1,O00425,P
HSA-LNCT005753.1,Q9NZI8,P
HSA-LNCT001594.1,Q9NZI8,P
HSA-LNCT001594.2,Q9NZI8,P
HSA-LNCT005789.1,Q9NZI8,P
HSA-LNCT003852.2,Q9NZI8,P
HSA-LNCT003852.2,O00425,P
HSA-LNCT006007.1,Q9NZI8,P
HSA-LNCT002309.1,Q9NZI8,P
HSA-LNCT002309.1,Q9Y6M1,P
HSA-LNCT002309.1,O00425,P
HSA-LNCT005133.2,Q9NZI8,P
HSA-LNCT005133.2,O00425,P
HSA-LNCT009280.1,Q9NZI8,P
HSA-LNCT004588.1,Q9NZI8,P
HSA-LNCT004588.1,O00425,P
HSA-LNCT004588.1,Q8NDV7,P
HSA-LNCT004588.1,Q9HCJ0,P
HSA-LNCT004525.1,Q9NZI8,P
HSA-LNCT004525.1,Q9Y6M1,P
HSA-LNCT004525.1,O00425,P
HSA-LNCT003808.1,Q9NZI8,P
HSA-LNCT003808.1,Q9Y6M1,P
HSA-LNCT003808.1,O00425,P
HSA-LNCT003808.2,Q9NZI8,P
HSA-LNCT003808.2,Q9Y6M1,P
HSA-LNCT003808.2,O00425,P
HSA-LNCT003435.1,Q9NZI8,P
HSA-LNCT003435.1,O00425,P
HSA-LNCT001623.1,Q9NZI8,P
HSA-LNCT001623.1,Q9Y6M1,P
HSA-LNCT001623.1,O00425,P
HSA-LNCT005485.1,Q9NZI8,P
HSA-LNCT005485.1,Q9Y6M1,P
HSA-LNCT005485.1,O00425,P
HSA-LNCT005485.2,Q9NZI8,P
HSA-LNCT005485.2,Q9Y6M1,P
HSA-LNCT005485.2,O00425,P
HSA-LNCT005485.3,Q9NZI8,P
HSA-LNCT005485.3,Q9Y6M1,P
HSA-LNCT005485.3,O00425,P
HSA-LNCT005485.4,Q9NZI8,P
HSA-LNCT005485.4,Q9Y6M1,P
HSA-LNCT005485.4,O00425,P
HSA-LNCT005661.2,Q9NZI8,P
HSA-LNCT001112.1,Q9NZI8,P
HSA-LNCT001112.1,O00425,P
HSA-LNCT001112.2,Q9NZI8,P
HSA-LNCT001112.2,O00425,P
HSA-LNCT003244.1,Q9NZI8,P
HSA-LNCT004949.1,Q9NZI8,P
HSA-LNCT004949.1,Q9Y6M1,P
HSA-LNCT004949.1,O00425,P
HSA-LNCT006254.2,Q9NZI8,P
HSA-LNCT006254.2,Q9Y6M1,P
HSA-LNCT006201.1,Q9NZI8,P
HSA-LNCT006201.1,Q9Y6M1,P
HSA-LNCT006201.1,O00425,P
HSA-LNCT000115.4,Q9NZI8,P
HSA-LNCT000115.4,Q9Y6M1,P
HSA-LNCT000115.4,O00425,P
HSA-LNCT000115.5,Q9NZI8,P
HSA-LNCT000115.5,Q9Y6M1,P
HSA-LNCT000115.5,O00425,P
HSA-LNCT006101.1,Q9NZI8,P
HSA-LNCT006101.1,Q9Y6M1,P
HSA-LNCT006101.1,O00425,P
HSA-LNCT003863.1,Q9NZI8,P
HSA-LNCT003863.1,Q9Y6M1,P
HSA-LNCT003863.1,O00425,P
HSA-LNCT004316.1,Q9NZI8,P
HSA-LNCT004316.1,O00425,P
HSA-LNCT000949.1,Q9NZI8,P
HSA-LNCT000949.1,Q9Y6M1,P
HSA-LNCT000949.1,O00425,P
HSA-LNCT007607.3,Q9NZI8,P
HSA-LNCT007607.3,Q9Y6M1,P
HSA-LNCT007607.3,O00425,P
HSA-LNCT007607.4,Q9NZI8,P
HSA-LNCT007607.4,Q9Y6M1,P
HSA-LNCT007607.4,O00425,P
HSA-LNCT007607.6,Q9NZI8,P
HSA-LNCT008663.1,Q9NZI8,P
HSA-LNCT008995.1,Q9NZI8,P
HSA-LNCT008995.1,Q9Y6M1,P
HSA-LNCT008995.1,O00425,P
HSA-LNCT008828.4,Q9NZI8,P
HSA-LNCT008828.4,Q9Y6M1,P
HSA-LNCT008828.4,O00425,P
HSA-LNCT008828.1,Q9NZI8,P
HSA-LNCT008828.1,Q9Y6M1,P
HSA-LNCT008828.1,O00425,P
HSA-LNCT008828.6,Q9NZI8,P
HSA-LNCT008828.6,Q9Y6M1,P
HSA-LNCT008828.6,O00425,P
HSA-LNCT008828.7,Q9NZI8,P
HSA-LNCT008828.7,Q9Y6M1,P
HSA-LNCT008828.7,O00425,P
HSA-LNCT008828.9,Q9NZI8,P
HSA-LNCT008828.9,Q9Y6M1,P
HSA-LNCT008828.9,O00425,P
HSA-LNCT008828.10,Q9NZI8,P
HSA-LNCT008828.10,Q9Y6M1,P
HSA-LNCT008828.10,O00425,P
HSA-LNCT008828.11,Q9NZI8,P
HSA-LNCT008828.11,Q9Y6M1,P
HSA-LNCT008828.11,O00425,P
HSA-LNCT008828.12,Q9NZI8,P
HSA-LNCT008828.12,Q9Y6M1,P
HSA-LNCT008828.12,O00425,P
HSA-LNCT008828.13,Q9NZI8,P
HSA-LNCT008828.13,Q9Y6M1,P
HSA-LNCT008828.18,Q9NZI8,P
HSA-LNCT008828.18,Q9Y6M1,P
HSA-LNCT008828.18,Q8NDV7,P
HSA-LNCT008828.18,Q9UPQ9,P
HSA-LNCT008828.20,Q9NZI8,P
HSA-LNCT008828.20,Q9Y6M1,P
HSA-LNCT009520.2,Q9NZI8,P
HSA-LNCT009520.2,Q9Y6M1,P
HSA-LNCT000002.6,Q9NZI8,P
HSA-LNCT000045.1,Q9NZI8,P
HSA-LNCT000045.1,O00425,P
HSA-LNCT000045.2,Q9NZI8,P
HSA-LNCT000045.2,O00425,P
HSA-LNCT000045.3,Q9NZI8,P
HSA-LNCT000045.3,O00425,P
HSA-LNCT000045.4,Q9NZI8,P
HSA-LNCT000045.4,O00425,P
HSA-LNCT000045.5,Q9NZI8,P
HSA-LNCT000045.5,O00425,P
HSA-LNCT000045.6,Q9NZI8,P
HSA-LNCT000045.6,O00425,P
HSA-LNCT000045.7,Q9NZI8,P
HSA-LNCT000045.7,O00425,P
HSA-LNCT010724.1,Q9NZI8,P
HSA-LNCT010724.1,O00425,P
HSA-LNCT009024.1,Q9NZI8,P
HSA-LNCT009024.1,Q9Y6M1,P
HSA-LNCT009024.1,O00425,P
HSA-LNCT008751.1,Q9NZI8,P
HSA-LNCT008751.1,Q9Y6M1,P
HSA-LNCT008751.1,O00425,P
HSA-LNCT000471.1,Q9NZI8,P
HSA-LNCT000471.1,Q9Y6M1,P
HSA-LNCT000471.1,O00425,P
HSA-LNCT000023.1,Q9NZI8,P
HSA-LNCT000023.1,Q9Y6M1,P
HSA-LNCT000023.1,O00425,P
HSA-LNCT000023.2,Q9NZI8,P
HSA-LNCT000023.2,Q9Y6M1,P
HSA-LNCT000023.2,O00425,P
HSA-LNCT000023.3,Q9NZI8,P
HSA-LNCT000023.3,O00425,P
HSA-LNCT000023.4,Q9NZI8,P
HSA-LNCT000023.4,O00425,P
HSA-LNCT000023.6,Q9NZI8,P
HSA-LNCT000023.6,O00425,P
HSA-LNCT000023.7,Q9NZI8,P
HSA-LNCT000023.7,Q9Y6M1,P
HSA-LNCT000023.7,O00425,P
HSA-LNCT009500.1,Q9NZI8,P
HSA-LNCT009500.1,Q9Y6M1,P
HSA-LNCT009500.1,O00425,P
HSA-LNCT010665.1,Q9NZI8,P
HSA-LNCT010665.1,O00425,P
HSA-LNCT009786.1,Q9NZI8,P
HSA-LNCT009786.1,Q9Y6M1,P
HSA-LNCT009786.1,O00425,P
HSA-LNCT009479.2,Q9NZI8,P
HSA-LNCT009479.5,Q9NZI8,P
HSA-LNCT009266.1,Q9NZI8,P
HSA-LNCT009266.1,Q9Y6M1,P
HSA-LNCT009266.1,O00425,P
HSA-LNCT009404.1,Q9NZI8,P
HSA-LNCT009404.1,O00425,P
HSA-LNCT000363.2,Q9NZI8,P
HSA-LNCT008858.1,Q9NZI8,P
HSA-LNCT008858.1,O00425,P
HSA-LNCT008858.2,Q9NZI8,P
HSA-LNCT008858.2,Q9Y6M1,P
HSA-LNCT008858.2,O00425,P
HSA-LNCT006421.1,Q9NZI8,P
HSA-LNCT006421.1,O00425,P
HSA-LNCT009145.1,Q9NZI8,P
HSA-LNCT001811.1,Q9NZI8,P
HSA-LNCT001811.1,Q9Y6M1,P
HSA-LNCT001811.1,O00425,P
HSA-LNCT000069.3,Q9NZI8,P
HSA-LNCT000069.4,Q9NZI8,P
HSA-LNCT000069.5,Q9NZI8,P
HSA-LNCT000069.6,Q9NZI8,P
HSA-LNCT000069.9,Q9NZI8,P
HSA-LNCT000069.10,Q9NZI8,P
HSA-LNCT000069.11,Q9NZI8,P
HSA-LNCT000069.12,Q9NZI8,P
HSA-LNCT000069.14,Q9NZI8,P
HSA-LNCT001944.1,Q9NZI8,P
HSA-LNCT001944.2,Q9NZI8,P
HSA-LNCT011345.1,Q9NZI8,P
HSA-LNCT004264.1,Q9NZI8,P
HSA-LNCT004264.1,Q9Y6M1,P
HSA-LNCT004264.1,O00425,P
HSA-LNCT004264.3,Q9NZI8,P
HSA-LNCT004264.3,Q9Y6M1,P
HSA-LNCT004264.3,O00425,P
HSA-LNCT001982.1,Q9NZI8,P
HSA-LNCT002478.1,Q9NZI8,P
HSA-LNCT002478.1,Q9Y6M1,P
HSA-LNCT002478.1,O00425,P
HSA-LNCT001972.1,Q9NZI8,P
HSA-LNCT001972.1,Q9Y6M1,P
HSA-LNCT001972.1,O00425,P
HSA-LNCT001142.1,Q9NZI8,P
HSA-LNCT001142.1,Q9Y6M1,P
HSA-LNCT001142.1,O00425,P
HSA-LNCT001142.2,Q9NZI8,P
HSA-LNCT001142.2,Q9Y6M1,P
HSA-LNCT001142.2,O00425,P
HSA-LNCT001142.3,Q9NZI8,P
HSA-LNCT001142.3,Q9Y6M1,P
HSA-LNCT001142.3,O00425,P
HSA-LNCT001142.8,Q9NZI8,P
HSA-LNCT001142.8,Q9Y6M1,P
HSA-LNCT001142.8,O00425,P
HSA-LNCT001142.7,Q9NZI8,P
HSA-LNCT001142.7,Q9Y6M1,P
HSA-LNCT001142.7,O00425,P
HSA-LNCT001142.10,Q9NZI8,P
HSA-LNCT001142.10,O00425,P
HSA-LNCT006196.3,Q9NZI8,P
HSA-LNCT006196.3,Q9Y6M1,P
HSA-LNCT006196.3,O00425,P
HSA-LNCT006196.4,Q9NZI8,P
HSA-LNCT006196.4,Q9Y6M1,P
HSA-LNCT006196.4,O00425,P
HSA-LNCT006196.5,Q9NZI8,P
HSA-LNCT006196.5,Q9Y6M1,P
HSA-LNCT006196.5,O00425,P
HSA-LNCT006196.6,Q9NZI8,P
HSA-LNCT006196.6,Q9Y6M1,P
HSA-LNCT006196.6,O00425,P
HSA-LNCT005184.1,Q9NZI8,P
HSA-LNCT005184.1,Q9Y6M1,P
HSA-LNCT005184.1,O00425,P
HSA-LNCT005184.2,Q9NZI8,P
HSA-LNCT005184.2,Q9Y6M1,P
HSA-LNCT005184.2,O00425,P
HSA-LNCT000483.4,Q9NZI8,P
HSA-LNCT009930.2,Q9NZI8,P
HSA-LNCT009930.2,Q9Y6M1,P
HSA-LNCT009930.3,Q9NZI8,P
HSA-LNCT009930.3,Q9Y6M1,P
HSA-LNCT009814.1,Q9NZI8,P
HSA-LNCT009814.1,Q9Y6M1,P
HSA-LNCT009814.1,O00425,P
HSA-LNCT009814.2,Q9NZI8,P
HSA-LNCT009814.2,O00425,P
HSA-LNCT009928.1,Q9NZI8,P
HSA-LNCT009928.1,O00425,P
HSA-LNCT009815.2,Q9NZI8,P
HSA-LNCT009745.1,Q9NZI8,P
HSA-LNCT010192.1,Q9NZI8,P
HSA-LNCT010192.1,O00425,P
HSA-LNCT006429.2,Q9NZI8,P
HSA-LNCT006429.2,Q9Y6M1,P
HSA-LNCT006429.2,O00425,P
HSA-LNCT006429.4,Q9NZI8,P
HSA-LNCT006429.4,Q9Y6M1,P
HSA-LNCT006429.4,O00425,P
HSA-LNCT006429.6,Q9NZI8,P
HSA-LNCT006429.6,Q9Y6M1,P
HSA-LNCT006429.6,O00425,P
HSA-LNCT006429.5,Q9NZI8,P
HSA-LNCT006429.5,Q9Y6M1,P
HSA-LNCT006429.5,O00425,P
HSA-LNCT006429.8,Q9NZI8,P
HSA-LNCT006429.8,Q9Y6M1,P
HSA-LNCT006429.8,O00425,P
HSA-LNCT006429.9,Q9NZI8,P
HSA-LNCT006429.9,Q9Y6M1,P
HSA-LNCT006429.9,O00425,P
HSA-LNCT010228.2,Q9NZI8,P
HSA-LNCT010228.2,O00425,P
HSA-LNCT009996.9,Q9NZI8,P
HSA-LNCT009996.9,Q9Y6M1,P
HSA-LNCT009996.9,O00425,P
HSA-LNCT011227.1,Q9NZI8,P
HSA-LNCT011227.1,Q9Y6M1,P
HSA-LNCT011227.1,O00425,P
HSA-LNCT010100.2,Q9NZI8,P
HSA-LNCT010100.2,O00425,P
HSA-LNCT010463.2,Q9NZI8,P
HSA-LNCT006411.1,Q9NZI8,P
HSA-LNCT006411.1,O00425,P
HSA-LNCT010904.1,Q9NZI8,P
HSA-LNCT010904.1,Q9Y6M1,P
HSA-LNCT010591.1,Q9NZI8,P
HSA-LNCT010591.4,Q9NZI8,P
HSA-LNCT010591.4,O00425,P
HSA-LNCT010591.3,Q9NZI8,P
HSA-LNCT010591.2,Q9NZI8,P
HSA-LNCT009987.5,Q9NZI8,P
HSA-LNCT009987.6,Q9NZI8,P
HSA-LNCT009987.7,Q9NZI8,P
HSA-LNCT011021.1,Q9NZI8,P
HSA-LNCT011021.1,Q9Y6M1,P
HSA-LNCT011021.1,O00425,P
HSA-LNCT010993.1,Q9NZI8,P
HSA-LNCT010993.1,Q9Y6M1,P
HSA-LNCT010993.1,O00425,P
HSA-LNCT011375.2,Q9NZI8,P
HSA-LNCT011375.2,Q9Y6M1,P
HSA-LNCT011375.2,O00425,P
HSA-LNCT011116.1,Q9NZI8,P
HSA-LNCT011116.1,Q9Y6M1,P
HSA-LNCT011116.2,Q9NZI8,P
HSA-LNCT011116.2,Q9Y6M1,P
HSA-LNCT000397.1,Q9NZI8,P
HSA-LNCT000397.4,Q9NZI8,P
HSA-LNCT011641.2,Q9NZI8,P
HSA-LNCT011641.2,Q9Y6M1,P
HSA-LNCT011641.2,O00425,P
HSA-LNCT011748.1,Q9NZI8,P
HSA-LNCT010752.1,Q9NZI8,P
HSA-LNCT010752.1,Q9Y6M1,P
HSA-LNCT010752.1,O00425,P
HSA-LNCT010556.1,Q9NZI8,P
HSA-LNCT010556.1,Q9Y6M1,P
HSA-LNCT010556.1,O00425,P
HSA-LNCT010705.1,Q9NZI8,P
HSA-LNCT010705.1,Q9Y6M1,P
HSA-LNCT010705.1,O00425,P
HSA-LNCT011062.1,Q9NZI8,P
HSA-LNCT011062.1,Q9Y6M1,P
HSA-LNCT011062.1,O00425,P
HSA-LNCT011534.1,Q9NZI8,P
HSA-LNCT011534.1,Q9Y6M1,P
HSA-LNCT011534.1,O00425,P
HSA-LNCT011424.1,Q9NZI8,P
HSA-LNCT000452.1,Q9NZI8,P
HSA-LNCT010686.1,Q9NZI8,P
HSA-LNCT011546.1,Q9NZI8,P
HSA-LNCT011546.1,Q9Y6M1,P
HSA-LNCT011546.1,O00425,P
HSA-LNCT011312.1,Q9NZI8,P
HSA-LNCT011312.1,O00425,P
HSA-LNCT011644.1,Q9NZI8,P
HSA-LNCT011644.1,Q9Y6M1,P
HSA-LNCT011644.1,O00425,P
HSA-LNCT010307.1,Q9NZI8,P
HSA-LNCT010307.1,O00425,P
HSA-LNCT010307.1,Q9UPQ9,P
HSA-LNCT010307.2,Q9NZI8,P
HSA-LNCT010307.2,O00425,P
HSA-LNCT011634.1,Q9NZI8,P
HSA-LNCT011634.1,Q9Y6M1,P
HSA-LNCT011634.1,O00425,P
HSA-LNCT011247.1,Q9NZI8,P
HSA-LNCT006310.1,Q9NZI8,P
HSA-LNCT006310.1,Q9Y6M1,P
HSA-LNCT006310.1,O00425,P
HSA-LNCT006310.2,Q9NZI8,P
HSA-LNCT006310.2,Q9Y6M1,P
HSA-LNCT006310.2,O00425,P
HSA-LNCT006310.4,Q9NZI8,P
HSA-LNCT006310.4,Q9Y6M1,P
HSA-LNCT006310.4,O00425,P
HSA-LNCT006310.3,Q9NZI8,P
HSA-LNCT006310.3,Q9Y6M1,P
HSA-LNCT006310.3,O00425,P
HSA-LNCT006310.5,Q9NZI8,P
HSA-LNCT006310.5,Q9Y6M1,P
HSA-LNCT006310.5,O00425,P
HSA-LNCT006310.6,Q9NZI8,P
HSA-LNCT006310.6,Q9Y6M1,P
HSA-LNCT006310.6,O00425,P
HSA-LNCT006310.7,Q9NZI8,P
HSA-LNCT006310.7,Q9Y6M1,P
HSA-LNCT006310.7,O00425,P
HSA-LNCT010980.1,Q9NZI8,P
HSA-LNCT010980.1,Q9Y6M1,P
HSA-LNCT010980.1,O00425,P
HSA-LNCT011432.1,Q9NZI8,P
HSA-LNCT011432.1,Q9Y6M1,P
HSA-LNCT011432.1,O00425,P
HSA-LNCT011075.2,Q9NZI8,P
HSA-LNCT011075.2,Q9Y6M1,P
HSA-LNCT011075.2,O00425,P
HSA-LNCT011675.1,Q9NZI8,P
HSA-LNCT011675.1,Q9Y6M1,P
HSA-LNCT011675.1,O00425,P
HSA-LNCT010714.1,Q9NZI8,P
HSA-LNCT010714.1,Q9Y6M1,P
HSA-LNCT010714.1,O00425,P
HSA-LNCT011474.1,Q9NZI8,P
HSA-LNCT010454.1,Q9NZI8,P
HSA-LNCT010454.1,O00425,P
HSA-LNCT011555.1,Q9NZI8,P
HSA-LNCT011555.1,Q9Y6M1,P
HSA-LNCT011374.1,Q9NZI8,P
HSA-LNCT011374.1,Q9Y6M1,P
HSA-LNCT010385.1,Q9NZI8,P
HSA-LNCT010385.1,Q9Y6M1,P
HSA-LNCT010385.1,O00425,P
HSA-LNCT010736.1,Q9NZI8,P
HSA-LNCT010736.1,O00425,P
HSA-LNCT001032.2,Q9NZI8,P
HSA-LNCT001032.2,Q9Y6M1,P
HSA-LNCT001032.2,O00425,P
HSA-LNCT000193.2,Q9NZI8,P
HSA-LNCT000193.2,Q9Y6M1,P
HSA-LNCT000193.2,Q9UPQ9,P
HSA-LNCT000193.3,Q9NZI8,P
HSA-LNCT000193.3,Q9Y6M1,P
HSA-LNCT000193.3,Q9UPQ9,P
HSA-LNCT000193.4,Q9NZI8,P
HSA-LNCT000193.4,Q9Y6M1,P
HSA-LNCT000193.4,Q9UPQ9,P
HSA-LNCT000193.5,Q9NZI8,P
HSA-LNCT000193.5,Q9Y6M1,P
HSA-LNCT000193.5,Q9UPQ9,P
HSA-LNCT000193.6,Q9NZI8,P
HSA-LNCT000193.6,Q9Y6M1,P
HSA-LNCT000193.6,Q9UPQ9,P
HSA-LNCT000193.7,Q9NZI8,P
HSA-LNCT000193.7,Q9Y6M1,P
HSA-LNCT000193.7,Q9UPQ9,P
HSA-LNCT000193.8,Q9NZI8,P
HSA-LNCT000193.8,Q9Y6M1,P
HSA-LNCT000193.8,Q9UPQ9,P
HSA-LNCT000193.9,Q9NZI8,P
HSA-LNCT000193.9,Q9Y6M1,P
HSA-LNCT000193.9,Q9UPQ9,P
HSA-LNCT000193.10,Q9NZI8,P
HSA-LNCT000193.10,Q9Y6M1,P
HSA-LNCT000193.10,Q9UPQ9,P
HSA-LNCT000193.11,Q9NZI8,P
HSA-LNCT000193.11,Q9Y6M1,P
HSA-LNCT000193.11,Q9UPQ9,P
HSA-LNCT011526.1,Q9NZI8,P
HSA-LNCT000388.1,Q9NZI8,P
HSA-LNCT000388.1,O00425,P
HSA-LNCT011630.1,Q9NZI8,P
HSA-LNCT011630.1,Q9Y6M1,P
HSA-LNCT011630.1,O00425,P
HSA-LNCT011527.2,Q9NZI8,P
HSA-LNCT011527.2,Q9Y6M1,P
HSA-LNCT011527.2,O00425,P
HSA-LNCT011527.1,Q9NZI8,P
HSA-LNCT011527.1,Q9Y6M1,P
HSA-LNCT011527.1,O00425,P
HSA-LNCT011689.1,Q9NZI8,P
HSA-LNCT011689.1,Q9Y6M1,P
HSA-LNCT011689.1,O00425,P
HSA-LNCT000138.1,Q9NZI8,P
HSA-LNCT000138.1,Q9Y6M1,P
HSA-LNCT000138.1,O00425,P
HSA-LNCT000138.1,Q8NDV7,P
HSA-LNCT001222.1,Q9NZI8,P
HSA-LNCT001222.1,Q9Y6M1,P
HSA-LNCT001222.1,O00425,P
HSA-LNCT001222.2,Q9NZI8,P
HSA-LNCT001222.2,Q9Y6M1,P
HSA-LNCT001222.2,O00425,P
HSA-LNCT006849.1,Q9NZI8,P
HSA-LNCT006849.1,Q9Y6M1,P
HSA-LNCT006849.1,O00425,P
HSA-LNCT000082.1,Q9NZI8,P
HSA-LNCT000082.1,Q9Y6M1,P
HSA-LNCT000082.1,O00425,P
HSA-LNCT000082.2,Q9NZI8,P
HSA-LNCT000082.2,Q9Y6M1,P
HSA-LNCT000082.2,O00425,P
HSA-LNCT000082.4,Q9NZI8,P
HSA-LNCT000082.4,Q9Y6M1,P
HSA-LNCT000082.4,O00425,P
HSA-LNCT000082.6,Q9NZI8,P
HSA-LNCT000082.6,Q9Y6M1,P
HSA-LNCT000082.6,O00425,P
HSA-LNCT000082.7,Q9NZI8,P
HSA-LNCT000082.7,Q9Y6M1,P
HSA-LNCT000082.7,O00425,P
HSA-LNCT000082.8,Q9NZI8,P
HSA-LNCT000082.8,Q9Y6M1,P
HSA-LNCT000082.8,O00425,P
HSA-LNCT000082.9,Q9NZI8,P
HSA-LNCT000082.9,Q9Y6M1,P
HSA-LNCT000082.9,O00425,P
HSA-LNCT000082.10,Q9NZI8,P
HSA-LNCT000082.10,Q9Y6M1,P
HSA-LNCT000082.10,O00425,P
HSA-LNCT000082.11,Q9NZI8,P
HSA-LNCT000082.11,Q9Y6M1,P
HSA-LNCT000082.11,O00425,P
HSA-LNCT000082.17,Q9NZI8,P
HSA-LNCT000082.17,Q9Y6M1,P
HSA-LNCT000082.17,O00425,P
HSA-LNCT000082.16,Q9NZI8,P
HSA-LNCT000082.16,Q9Y6M1,P
HSA-LNCT000082.16,O00425,P
HSA-LNCT000082.13,Q9NZI8,P
HSA-LNCT000082.13,Q9Y6M1,P
HSA-LNCT000082.13,O00425,P
HSA-LNCT000082.12,Q9NZI8,P
HSA-LNCT000082.12,Q9Y6M1,P
HSA-LNCT000082.12,O00425,P
HSA-LNCT000082.12,Q9HCJ0,P
HSA-LNCT000001.1,Q9NZI8,P
HSA-LNCT000001.1,Q9Y6M1,P
HSA-LNCT000001.1,O00425,P
HSA-LNCT000001.2,Q9NZI8,P
HSA-LNCT000001.2,Q9Y6M1,P
HSA-LNCT000001.2,O00425,P
HSA-LNCT001951.1,Q9NZI8,P
HSA-LNCT001951.1,O00425,P
HSA-LNCT000451.1,Q9NZI8,P
HSA-LNCT000451.1,Q9Y6M1,P
HSA-LNCT000451.1,O00425,P
HSA-LNCT000451.2,Q9NZI8,P
HSA-LNCT000451.2,Q9Y6M1,P
HSA-LNCT000451.2,O00425,P
HSA-LNCT000451.3,Q9NZI8,P
HSA-LNCT000451.3,Q9Y6M1,P
HSA-LNCT000451.3,O00425,P
HSA-LNCT000451.4,Q9NZI8,P
HSA-LNCT000451.4,O00425,P
HSA-LNCT000451.5,Q9NZI8,P
HSA-LNCT000451.5,Q9Y6M1,P
HSA-LNCT000451.5,O00425,P
HSA-LNCT000446.1,Q9NZI8,P
HSA-LNCT000446.1,O00425,P
HSA-LNCT005300.1,Q9NZI8,P
HSA-LNCT005300.1,Q9Y6M1,P
HSA-LNCT005300.1,O00425,P
HSA-LNCT004307.1,Q9NZI8,P
HSA-LNCT004307.1,O00425,P
HSA-LNCT010443.1,Q9NZI8,P
HSA-LNCT010443.1,O00425,P
HSA-LNCT011514.2,Q9NZI8,P
HSA-LNCT011514.2,Q9Y6M1,P
HSA-LNCT011514.2,O00425,P
HSA-LNCT006459.1,Q9NZI8,P
HSA-LNCT006459.1,Q9Y6M1,P
HSA-LNCT011330.1,Q9NZI8,P
HSA-LNCT011330.1,O00425,P
HSA-LNCT004408.4,Q9NZI8,P
HSA-LNCT011503.1,Q9NZI8,P
HSA-LNCT011503.1,Q9Y6M1,P
HSA-LNCT011503.1,O00425,P
HSA-LNCT008100.1,Q9NZI8,P
HSA-LNCT008100.1,O00425,P
HSA-LNCT000008.1,Q9NZI8,P
HSA-LNCT000008.1,Q9Y6M1,P
HSA-LNCT000008.1,O00425,P
HSA-LNCT000008.2,Q9NZI8,P
HSA-LNCT000008.2,Q9Y6M1,P
HSA-LNCT000008.2,O00425,P
HSA-LNCT003698.2,Q9NZI8,P
HSA-LNCT003698.2,Q9Y6M1,P
HSA-LNCT003698.2,O00425,P
HSA-LNCT000052.6,Q9NZI8,P
HSA-LNCT000052.6,Q9Y6M1,P
HSA-LNCT000052.6,O00425,P
HSA-LNCT000013.3,Q9NZI8,P
HSA-LNCT000013.3,Q9Y6M1,P
HSA-LNCT000013.3,O00425,P
HSA-LNCT000013.2,Q9NZI8,P
HSA-LNCT000013.2,Q9Y6M1,P
HSA-LNCT000013.2,O00425,P
HSA-LNCT000013.1,Q9NZI8,P
HSA-LNCT000013.1,Q9Y6M1,P
HSA-LNCT000013.1,O00425,P
HSA-LNCT000036.1,Q9NZI8,P
HSA-LNCT000036.1,Q9Y6M1,P
HSA-LNCT000036.1,O00425,P
HSA-LNCT000036.2,Q9NZI8,P
HSA-LNCT000036.2,Q9Y6M1,P
HSA-LNCT000036.2,O00425,P
HSA-LNCT006091.1,Q9NZI8,P
HSA-LNCT006091.1,Q9Y6M1,P
HSA-LNCT006091.1,O00425,P
HSA-LNCT003605.2,Q9NZI8,P
HSA-LNCT003605.2,Q9Y6M1,P
HSA-LNCT003605.2,O00425,P
HSA-LNCT003605.1,Q9NZI8,P
HSA-LNCT003605.1,Q9Y6M1,P
HSA-LNCT003605.1,O00425,P
HSA-LNCT000426.1,Q9NZI8,P
HSA-LNCT000426.1,Q9Y6M1,P
HSA-LNCT000426.1,O00425,P
HSA-LNCT006147.1,Q9NZI8,P
HSA-LNCT006147.1,Q9Y6M1,P
HSA-LNCT006147.1,O00425,P
HSA-LNCT010582.1,Q9NZI8,P
HSA-LNCT010582.1,Q9Y6M1,P
HSA-LNCT010582.1,O00425,P
HSA-LNCT010582.1,Q9UPQ9,P
HSA-LNCT000022.8,Q9NZI8,P
HSA-LNCT000022.8,Q9Y6M1,P
HSA-LNCT000022.8,O00425,P
HSA-LNCT000234.2,Q9NZI8,P
HSA-LNCT000234.2,Q9Y6M1,P
HSA-LNCT000234.2,O00425,P
HSA-LNCT000234.1,Q9NZI8,P
HSA-LNCT000234.1,Q9Y6M1,P
HSA-LNCT000234.1,O00425,P
HSA-LNCT000234.3,Q9NZI8,P
HSA-LNCT000234.3,Q9Y6M1,P
HSA-LNCT000234.3,O00425,P
HSA-LNCT000234.5,Q9NZI8,P
HSA-LNCT000234.5,Q9Y6M1,P
HSA-LNCT000234.5,O00425,P
HSA-LNCT000234.4,Q9NZI8,P
HSA-LNCT000234.4,Q9Y6M1,P
HSA-LNCT000234.4,O00425,P
HSA-LNCT000079.1,Q9NZI8,P
HSA-LNCT000079.1,O00425,P
HSA-LNCT000079.2,Q9NZI8,P
HSA-LNCT000079.2,O00425,P
HSA-LNCT000079.3,Q9NZI8,P
HSA-LNCT000079.3,O00425,P
HSA-LNCT000079.4,Q9NZI8,P
HSA-LNCT000079.4,O00425,P
HSA-LNCT000079.5,Q9NZI8,P
HSA-LNCT000079.5,O00425,P
HSA-LNCT000079.7,Q9NZI8,P
HSA-LNCT000079.7,O00425,P
HSA-LNCT000079.6,Q9NZI8,P
HSA-LNCT000079.9,Q9NZI8,P
HSA-LNCT000079.9,O00425,P
HSA-LNCT000079.10,Q9NZI8,P
HSA-LNCT000079.10,O00425,P
HSA-LNCT000079.11,Q9NZI8,P
HSA-LNCT000079.11,O00425,P
HSA-LNCT000079.13,Q9NZI8,P
HSA-LNCT000079.13,O00425,P
HSA-LNCT000107.4,Q9NZI8,P
HSA-LNCT000107.4,Q9Y6M1,P
HSA-LNCT000107.4,O00425,P
HSA-LNCT000107.3,Q9NZI8,P
HSA-LNCT000107.3,Q9Y6M1,P
HSA-LNCT000107.3,O00425,P
HSA-LNCT000107.2,Q9NZI8,P
HSA-LNCT000107.1,Q9NZI8,P
HSA-LNCT000107.1,Q9Y6M1,P
HSA-LNCT000107.1,O00425,P
HSA-LNCT000107.5,Q9NZI8,P
HSA-LNCT000107.5,Q9Y6M1,P
HSA-LNCT000107.5,O00425,P
HSA-LNCT000107.7,Q9NZI8,P
HSA-LNCT000107.7,Q9Y6M1,P
HSA-LNCT000107.7,O00425,P
HSA-LNCT000107.6,Q9NZI8,P
HSA-LNCT000107.6,Q9Y6M1,P
HSA-LNCT000107.6,O00425,P
HSA-LNCT000251.1,Q9NZI8,P
HSA-LNCT005738.1,Q9NZI8,P
HSA-LNCT005738.1,Q9Y6M1,P
HSA-LNCT005738.1,O00425,P
HSA-LNCT005908.2,Q9NZI8,P
HSA-LNCT005908.2,Q9Y6M1,P
HSA-LNCT005908.2,O00425,P
HSA-LNCT000491.2,Q9NZI8,P
HSA-LNCT000491.2,O00425,P
HSA-LNCT000010.3,Q9NZI8,P
HSA-LNCT000010.3,Q9Y6M1,P
HSA-LNCT000010.3,O00425,P
HSA-LNCT000010.6,Q9NZI8,P
HSA-LNCT000010.6,Q9Y6M1,P
HSA-LNCT000010.6,O00425,P
HSA-LNCT004806.4,Q9NZI8,P
HSA-LNCT004806.4,O00425,P
HSA-LNCT004806.10,Q9NZI8,P
HSA-LNCT004806.8,Q9NZI8,P
HSA-LNCT004806.11,Q9NZI8,P
HSA-LNCT004806.13,Q9NZI8,P
HSA-LNCT004806.18,Q9NZI8,P
HSA-LNCT004806.18,O00425,P
HSA-LNCT004806.19,Q9NZI8,P
HSA-LNCT007826.1,Q9NZI8,P
HSA-LNCT007826.1,Q9Y6M1,P
HSA-LNCT007826.1,O00425,P
HSA-LNCT007826.2,Q9NZI8,P
HSA-LNCT007826.2,Q9Y6M1,P
HSA-LNCT007826.2,O00425,P
HSA-LNCT007826.4,Q9NZI8,P
HSA-LNCT007826.4,Q9Y6M1,P
HSA-LNCT007826.4,O00425,P
HSA-LNCT005758.1,Q9NZI8,P
HSA-LNCT005758.1,Q9Y6M1,P
HSA-LNCT005758.1,O00425,P
HSA-LNCT000009.1,Q9NZI8,P
HSA-LNCT000009.1,Q9Y6M1,P
HSA-LNCT000009.1,O00425,P
HSA-LNCT007565.1,Q9NZI8,P
HSA-LNCT007565.1,Q9Y6M1,P
HSA-LNCT007565.1,O00425,P
HSA-LNCT000073.1,Q9NZI8,P
HSA-LNCT000073.1,Q9Y6M1,P
HSA-LNCT000073.1,O00425,P
HSA-LNCT000073.2,Q9NZI8,P
HSA-LNCT000073.2,Q9Y6M1,P
HSA-LNCT000073.2,O00425,P
HSA-LNCT005764.1,Q9NZI8,P
HSA-LNCT005764.1,Q9Y6M1,P
HSA-LNCT005764.1,O00425,P
HSA-LNCT003069.1,Q9NZI8,P
HSA-LNCT002710.1,Q9NZI8,P
HSA-LNCT002710.1,Q9Y6M1,P
HSA-LNCT002710.1,O00425,P
HSA-LNCT002710.1,Q9UPQ9,P
HSA-LNCT002710.2,Q9NZI8,P
HSA-LNCT002710.2,Q9Y6M1,P
HSA-LNCT002710.2,O00425,P
HSA-LNCT002710.2,Q9UPQ9,P
HSA-LNCT002710.4,Q9NZI8,P
HSA-LNCT002710.4,Q9Y6M1,P
HSA-LNCT002710.4,O00425,P
HSA-LNCT002710.4,Q9UPQ9,P
HSA-LNCT002710.3,Q9NZI8,P
HSA-LNCT002710.3,Q9Y6M1,P
HSA-LNCT002710.3,O00425,P
HSA-LNCT002710.3,Q9UPQ9,P
HSA-LNCT002710.6,Q9NZI8,P
HSA-LNCT002710.6,Q9Y6M1,P
HSA-LNCT002710.6,O00425,P
HSA-LNCT002710.6,Q8NDV7,P
HSA-LNCT002710.8,Q9NZI8,P
HSA-LNCT002710.8,Q9Y6M1,P
HSA-LNCT002710.8,O00425,P
HSA-LNCT001234.1,Q9NZI8,P
HSA-LNCT001234.1,Q9Y6M1,P
HSA-LNCT001234.1,O00425,P
HSA-LNCT002980.1,Q9NZI8,P
HSA-LNCT002980.1,Q9Y6M1,P
HSA-LNCT002980.3,Q9NZI8,P
HSA-LNCT002980.3,Q9Y6M1,P
HSA-LNCT002980.4,Q9NZI8,P
HSA-LNCT002980.4,Q9Y6M1,P
HSA-LNCT002980.5,Q9NZI8,P
HSA-LNCT000599.4,Q9NZI8,P
HSA-LNCT000599.4,Q9Y6M1,P
HSA-LNCT000599.4,O00425,P
HSA-LNCT001025.1,Q9NZI8,P
HSA-LNCT001025.1,O00425,P
HSA-LNCT000160.1,Q9Y6M1,P
HSA-LNCT002149.2,Q9Y6M1,P
HSA-LNCT004890.1,Q9Y6M1,P
HSA-LNCT004890.2,Q9Y6M1,P
HSA-LNCT004009.1,Q9Y6M1,P
HSA-LNCT004009.1,O00425,P
HSA-LNCT004009.2,Q9Y6M1,P
HSA-LNCT004009.2,O00425,P
HSA-LNCT003867.2,Q9Y6M1,P
HSA-LNCT000866.1,Q9Y6M1,P
HSA-LNCT003942.1,Q9Y6M1,P
HSA-LNCT003942.3,Q9Y6M1,P
HSA-LNCT004222.1,Q9Y6M1,P
HSA-LNCT003535.6,Q9Y6M1,P
HSA-LNCT003535.6,O00425,P
HSA-LNCT005491.2,Q9Y6M1,P
HSA-LNCT005491.2,O00425,P
HSA-LNCT001367.4,Q9Y6M1,P
HSA-LNCT001367.4,O00425,P
HSA-LNCT000049.1,Q9Y6M1,P
HSA-LNCT000049.1,O00425,P
HSA-LNCT000049.3,Q9Y6M1,P
HSA-LNCT000049.3,O00425,P
HSA-LNCT011167.1,Q9Y6M1,P
HSA-LNCT009809.1,Q9Y6M1,P
HSA-LNCT009809.1,O00425,P
HSA-LNCT000074.1,Q9Y6M1,P
HSA-LNCT000074.1,O00425,P
HSA-LNCT000074.3,Q9Y6M1,P
HSA-LNCT000074.14,Q9Y6M1,P
HSA-LNCT005287.1,Q9Y6M1,P
HSA-LNCT005287.1,O00425,P
HSA-LNCT000806.7,Q9Y6M1,P
HSA-LNCT000806.6,Q9Y6M1,P
HSA-LNCT000731.6,Q9Y6M1,P
HSA-LNCT000731.6,O00425,P
HSA-LNCT000889.4,Q9Y6M1,P
HSA-LNCT006058.1,Q9Y6M1,P
HSA-LNCT006058.1,O00425,P
HSA-LNCT006986.1,Q9Y6M1,P
HSA-LNCT006986.1,O00425,P
HSA-LNCT006986.2,Q9Y6M1,P
HSA-LNCT006986.2,O00425,P
HSA-LNCT006986.3,Q9Y6M1,P
HSA-LNCT006986.3,O00425,P
HSA-LNCT006986.3,Q9HCJ0,P
HSA-LNCT008285.1,Q9Y6M1,P
HSA-LNCT008285.1,O00425,P
HSA-LNCT006584.1,Q9Y6M1,P
HSA-LNCT006584.2,Q9Y6M1,P
HSA-LNCT006584.2,O00425,P
HSA-LNCT007281.1,Q9Y6M1,P
HSA-LNCT007281.1,O00425,P
HSA-LNCT006273.1,Q9Y6M1,P
HSA-LNCT000348.1,Q9Y6M1,P
HSA-LNCT004122.3,Q9Y6M1,P
HSA-LNCT004122.3,O00425,P
HSA-LNCT000741.1,Q9Y6M1,P
HSA-LNCT000741.1,O00425,P
HSA-LNCT005807.1,Q9Y6M1,P
HSA-LNCT005807.1,O00425,P
HSA-LNCT005807.4,Q9Y6M1,P
HSA-LNCT005807.4,O00425,P
HSA-LNCT003397.1,Q9Y6M1,P
HSA-LNCT003397.1,O00425,P
HSA-LNCT000032.1,Q9Y6M1,P
HSA-LNCT000032.1,O00425,P
HSA-LNCT001307.1,Q9Y6M1,P
HSA-LNCT001307.1,O00425,P
HSA-LNCT000011.1,Q9Y6M1,P
HSA-LNCT000011.2,Q9Y6M1,P
HSA-LNCT000011.10,Q9Y6M1,P
HSA-LNCT006403.2,Q9Y6M1,P
HSA-LNCT000185.7,Q9Y6M1,P
HSA-LNCT000185.9,Q9Y6M1,P
HSA-LNCT000185.13,Q9Y6M1,P
HSA-LNCT007059.4,Q9Y6M1,P
HSA-LNCT007059.1,Q9Y6M1,P
HSA-LNCT007059.18,Q9Y6M1,P
HSA-LNCT007059.2,Q9Y6M1,P
HSA-LNCT007059.3,Q9Y6M1,P
HSA-LNCT007059.19,Q9Y6M1,P
HSA-LNCT004344.5,Q9Y6M1,P
HSA-LNCT004344.5,O00425,P
HSA-LNCT004370.1,Q9Y6M1,P
HSA-LNCT000051.1,Q9Y6M1,P
HSA-LNCT000051.1,O00425,P
HSA-LNCT004406.1,Q9Y6M1,P
HSA-LNCT004406.2,Q9Y6M1,P
HSA-LNCT003327.1,Q9Y6M1,P
HSA-LNCT003327.1,O00425,P
HSA-LNCT003327.1,Q9HCJ0,P
HSA-LNCT003100.1,Q9Y6M1,P
HSA-LNCT003100.1,O00425,P
HSA-LNCT002471.1,Q9Y6M1,P
HSA-LNCT008407.1,Q9Y6M1,P
HSA-LNCT008407.1,O00425,P
HSA-LNCT008407.2,Q9Y6M1,P
HSA-LNCT008407.2,O00425,P
HSA-LNCT002113.1,Q9Y6M1,P
HSA-LNCT002113.1,O00425,P
HSA-LNCT005967.1,Q9Y6M1,P
HSA-LNCT005967.3,Q9Y6M1,P
HSA-LNCT002364.1,Q9Y6M1,P
HSA-LNCT002364.1,O00425,P
HSA-LNCT001239.2,Q9Y6M1,P
HSA-LNCT001239.2,O00425,P
HSA-LNCT001239.9,Q9Y6M1,P
HSA-LNCT001239.9,O00425,P
HSA-LNCT001239.8,Q9Y6M1,P
HSA-LNCT001239.8,O00425,P
HSA-LNCT001239.7,Q9Y6M1,P
HSA-LNCT001239.7,O00425,P
HSA-LNCT001239.6,Q9Y6M1,P
HSA-LNCT001239.6,O00425,P
HSA-LNCT001239.5,Q9Y6M1,P
HSA-LNCT001239.5,O00425,P
HSA-LNCT001239.4,Q9Y6M1,P
HSA-LNCT001239.4,O00425,P
HSA-LNCT003153.1,Q9Y6M1,P
HSA-LNCT003153.1,O00425,P
HSA-LNCT003153.2,Q9Y6M1,P
HSA-LNCT003153.2,O00425,P
HSA-LNCT000201.1,Q9Y6M1,P
HSA-LNCT000201.1,O00425,P
HSA-LNCT009001.2,Q9Y6M1,P
HSA-LNCT000034.14,Q9Y6M1,P
HSA-LNCT000034.14,O00425,P
HSA-LNCT000034.16,Q9Y6M1,P
HSA-LNCT000034.16,O00425,P
HSA-LNCT000034.17,Q9Y6M1,P
HSA-LNCT000034.17,O00425,P
HSA-LNCT000034.18,Q9Y6M1,P
HSA-LNCT000034.18,O00425,P
HSA-LNCT007420.1,Q9Y6M1,P
HSA-LNCT007420.1,O00425,P
HSA-LNCT005234.1,Q9Y6M1,P
HSA-LNCT005234.1,O00425,P
HSA-LNCT009443.1,Q9Y6M1,P
HSA-LNCT009443.1,O00425,P
HSA-LNCT009010.1,Q9Y6M1,P
HSA-LNCT008928.1,Q9Y6M1,P
HSA-LNCT008928.1,O00425,P
HSA-LNCT008902.1,Q9Y6M1,P
HSA-LNCT008902.1,O00425,P
HSA-LNCT001884.1,Q9Y6M1,P
HSA-LNCT001884.1,O00425,P
HSA-LNCT004039.1,Q9Y6M1,P
HSA-LNCT006196.7,Q9Y6M1,P
HSA-LNCT009752.1,Q9Y6M1,P
HSA-LNCT009752.1,O00425,P
HSA-LNCT009310.1,Q9Y6M1,P
HSA-LNCT009310.1,O00425,P
HSA-LNCT009310.1,Q9UPQ9,P
HSA-LNCT008656.1,Q9Y6M1,P
HSA-LNCT008656.1,O00425,P
HSA-LNCT009521.1,Q9Y6M1,P
HSA-LNCT009521.1,O00425,P
HSA-LNCT009658.1,Q9Y6M1,P
HSA-LNCT000771.6,Q9Y6M1,P
HSA-LNCT000771.6,O00425,P
HSA-LNCT010157.1,Q9Y6M1,P
HSA-LNCT010157.1,O00425,P
HSA-LNCT007521.1,Q9Y6M1,P
HSA-LNCT007521.1,O00425,P
HSA-LNCT010745.1,Q9Y6M1,P
HSA-LNCT010745.1,O00425,P
HSA-LNCT010158.1,Q9Y6M1,P
HSA-LNCT010158.1,O00425,P
HSA-LNCT009980.2,Q9Y6M1,P
HSA-LNCT009980.1,Q9Y6M1,P
HSA-LNCT010003.1,Q9Y6M1,P
HSA-LNCT000233.1,Q9Y6M1,P
HSA-LNCT000233.1,O00425,P
HSA-LNCT000233.2,Q9Y6M1,P
HSA-LNCT000233.2,O00425,P
HSA-LNCT011625.1,Q9Y6M1,P
HSA-LNCT011625.3,Q9Y6M1,P
HSA-LNCT011625.4,Q9Y6M1,P
HSA-LNCT009830.1,Q9Y6M1,P
HSA-LNCT002831.2,Q9Y6M1,P
HSA-LNCT002831.2,O00425,P
HSA-LNCT002831.3,Q9Y6M1,P
HSA-LNCT002831.3,O00425,P
HSA-LNCT002649.1,Q9Y6M1,P
HSA-LNCT011361.1,Q9Y6M1,P
HSA-LNCT004450.4,Q9Y6M1,P
HSA-LNCT004450.4,O00425,P
HSA-LNCT004450.8,Q9Y6M1,P
HSA-LNCT001466.1,Q9Y6M1,P
HSA-LNCT001466.3,Q9Y6M1,P
HSA-LNCT001466.2,Q9Y6M1,P
HSA-LNCT011700.1,Q9Y6M1,P
HSA-LNCT000008.3,Q9Y6M1,P
HSA-LNCT000008.3,O00425,P
HSA-LNCT006835.1,Q9Y6M1,P
HSA-LNCT006835.1,O00425,P
HSA-LNCT004696.3,Q9Y6M1,P
HSA-LNCT005566.2,Q9Y6M1,P
HSA-LNCT005566.2,O00425,P
HSA-LNCT000492.2,Q9Y6M1,P
HSA-LNCT000073.3,Q9Y6M1,P
HSA-LNCT000073.3,O00425,P
HSA-LNCT000599.2,Q9Y6M1,P
HSA-LNCT000599.2,O00425,P
HSA-LNCT005878.2,Q9Y6M1,P
HSA-LNCT005878.2,O00425,P
HSA-LNCT005200.5,O00425,P
HSA-LNCT002379.5,O00425,P
HSA-LNCT002379.2,O00425,P
HSA-LNCT002379.3,O00425,P
HSA-LNCT000517.5,O00425,P
HSA-LNCT000517.4,O00425,P
HSA-LNCT000515.3,O00425,P
HSA-LNCT003405.1,O00425,P
HSA-LNCT005953.3,O00425,P
HSA-LNCT000254.2,O00425,P
HSA-LNCT000254.1,O00425,P
HSA-LNCT000254.7,O00425,P
HSA-LNCT000254.9,O00425,P
HSA-LNCT000254.12,O00425,P
HSA-LNCT003572.2,O00425,P
HSA-LNCT003572.1,O00425,P
HSA-LNCT003572.3,O00425,P
HSA-LNCT011152.1,O00425,P
HSA-LNCT004516.1,O00425,P
HSA-LNCT002757.1,O00425,P
HSA-LNCT011169.1,O00425,P
HSA-LNCT005142.1,O00425,P
HSA-LNCT005997.5,O00425,P
HSA-LNCT005584.1,O00425,P
HSA-LNCT005584.8,O00425,P
HSA-LNCT001860.1,O00425,P
HSA-LNCT003649.1,O00425,P
HSA-LNCT003649.4,O00425,P
HSA-LNCT000670.2,O00425,P
HSA-LNCT002823.2,O00425,P
HSA-LNCT001344.1,O00425,P
HSA-LNCT003965.3,O00425,P
HSA-LNCT003965.2,O00425,P
HSA-LNCT000459.1,O00425,P
HSA-LNCT000459.2,O00425,P
HSA-LNCT004465.1,O00425,P
HSA-LNCT009907.1,O00425,P
HSA-LNCT005614.1,O00425,P
HSA-LNCT005614.2,O00425,P
HSA-LNCT004047.5,O00425,P
HSA-LNCT004047.3,O00425,P
HSA-LNCT004210.1,O00425,P
HSA-LNCT004023.1,O00425,P
HSA-LNCT004023.3,O00425,P
HSA-LNCT004023.2,O00425,P
HSA-LNCT004023.5,O00425,P
HSA-LNCT001740.1,O00425,P
HSA-LNCT001740.2,O00425,P
HSA-LNCT005918.1,O00425,P
HSA-LNCT005523.1,O00425,P
HSA-LNCT005523.2,O00425,P
HSA-LNCT005636.1,O00425,P
HSA-LNCT000731.5,O00425,P
HSA-LNCT005464.1,O00425,P
HSA-LNCT005464.2,O00425,P
HSA-LNCT001518.1,O00425,P
HSA-LNCT001518.2,O00425,P
HSA-LNCT005954.1,O00425,P
HSA-LNCT005954.2,O00425,P
HSA-LNCT005206.1,O00425,P
HSA-LNCT005397.1,O00425,P
HSA-LNCT000412.17,O00425,P
HSA-LNCT002167.1,O00425,P
HSA-LNCT004571.2,O00425,P
HSA-LNCT006168.1,O00425,P
HSA-LNCT006118.2,O00425,P
HSA-LNCT006118.1,O00425,P
HSA-LNCT010429.1,O00425,P
HSA-LNCT006765.1,O00425,P
HSA-LNCT007694.1,O00425,P
HSA-LNCT000143.1,O00425,P
HSA-LNCT007503.2,O00425,P
HSA-LNCT006428.1,O00425,P
HSA-LNCT007225.1,O00425,P
HSA-LNCT007514.1,O00425,P
HSA-LNCT007514.2,O00425,P
HSA-LNCT006805.1,O00425,P
HSA-LNCT000006.9,O00425,P
HSA-LNCT006773.1,O00425,P
HSA-LNCT005219.4,O00425,P
HSA-LNCT006327.1,O00425,P
HSA-LNCT006327.6,O00425,P
HSA-LNCT006327.8,O00425,P
HSA-LNCT003399.1,O00425,P
HSA-LNCT000311.2,O00425,P
HSA-LNCT000311.6,O00425,P
HSA-LNCT001455.1,O00425,P
HSA-LNCT001247.1,O00425,P
HSA-LNCT002450.1,O00425,P
HSA-LNCT005018.1,O00425,P
HSA-LNCT001349.1,O00425,P
HSA-LNCT005119.1,O00425,P
HSA-LNCT003397.2,O00425,P
HSA-LNCT003397.3,O00425,P
HSA-LNCT003397.4,O00425,P
HSA-LNCT004041.1,O00425,P
HSA-LNCT006223.2,O00425,P
HSA-LNCT006223.14,O00425,P
HSA-LNCT006223.6,O00425,P
HSA-LNCT006223.17,O00425,P
HSA-LNCT006223.7,O00425,P
HSA-LNCT006223.8,O00425,P
HSA-LNCT006223.9,O00425,P
HSA-LNCT006223.10,O00425,P
HSA-LNCT006223.11,O00425,P
HSA-LNCT006223.12,O00425,P
HSA-LNCT006356.1,O00425,P
HSA-LNCT007512.6,O00425,P
HSA-LNCT007512.7,O00425,P
HSA-LNCT008109.3,O00425,P
HSA-LNCT008109.4,O00425,P
HSA-LNCT004344.2,O00425,P
HSA-LNCT004344.3,O00425,P
HSA-LNCT000054.4,O00425,P
HSA-LNCT000054.6,O00425,P
HSA-LNCT000054.10,O00425,P
HSA-LNCT002866.1,O00425,P
HSA-LNCT001200.2,O00425,P
HSA-LNCT006177.1,O00425,P
HSA-LNCT003694.2,O00425,P
HSA-LNCT003694.1,O00425,P
HSA-LNCT003740.1,O00425,P
HSA-LNCT000047.1,O00425,P
HSA-LNCT001852.1,O00425,P
HSA-LNCT000326.4,O00425,P
HSA-LNCT001484.1,O00425,P
HSA-LNCT005054.2,O00425,P
HSA-LNCT002718.2,O00425,P
HSA-LNCT000109.2,O00425,P
HSA-LNCT000109.6,O00425,P
HSA-LNCT002828.1,O00425,P
HSA-LNCT003026.6,O00425,P
HSA-LNCT003026.2,O00425,P
HSA-LNCT003026.3,O00425,P
HSA-LNCT006349.4,O00425,P
HSA-LNCT000201.5,O00425,P
HSA-LNCT006333.2,O00425,P
HSA-LNCT006333.8,O00425,P
HSA-LNCT000023.5,O00425,P
HSA-LNCT009015.1,O00425,P
HSA-LNCT009305.1,O00425,P
HSA-LNCT000973.2,O00425,P
HSA-LNCT005558.1,O00425,P
HSA-LNCT008610.1,O00425,P
HSA-LNCT000069.1,O00425,P
HSA-LNCT000069.8,O00425,P
HSA-LNCT000069.7,O00425,P
HSA-LNCT000069.16,O00425,P
HSA-LNCT000069.17,O00425,P
HSA-LNCT000069.18,O00425,P
HSA-LNCT011013.1,O00425,P
HSA-LNCT002412.2,O00425,P
HSA-LNCT002412.1,O00425,P
HSA-LNCT006196.1,O00425,P
HSA-LNCT006196.8,O00425,P
HSA-LNCT006196.15,O00425,P
HSA-LNCT009953.1,O00425,P
HSA-LNCT010820.1,O00425,P
HSA-LNCT009310.2,O00425,P
HSA-LNCT009816.1,O00425,P
HSA-LNCT009850.1,O00425,P
HSA-LNCT009681.1,O00425,P
HSA-LNCT009927.1,O00425,P
HSA-LNCT009927.1,Q9UPQ9,P
HSA-LNCT010037.1,O00425,P
HSA-LNCT010037.2,O00425,P
HSA-LNCT010850.1,O00425,P
HSA-LNCT011489.5,O00425,P
HSA-LNCT011489.6,O00425,P
HSA-LNCT006411.2,O00425,P
HSA-LNCT006411.3,O00425,P
HSA-LNCT000076.2,O00425,P
HSA-LNCT000076.1,O00425,P
HSA-LNCT010634.1,O00425,P
HSA-LNCT011641.1,O00425,P
HSA-LNCT010639.1,O00425,P
HSA-LNCT011511.2,O00425,P
HSA-LNCT006316.1,O00425,P
HSA-LNCT011075.1,O00425,P
HSA-LNCT000233.5,O00425,P
HSA-LNCT004517.1,O00425,P
HSA-LNCT004257.1,O00425,P
HSA-LNCT011527.3,O00425,P
HSA-LNCT010432.1,O00425,P
HSA-LNCT011098.4,O00425,P
HSA-LNCT005609.1,O00425,P
HSA-LNCT006835.2,O00425,P
HSA-LNCT000036.3,O00425,P
HSA-LNCT000007.3,O00425,P
HSA-LNCT000007.2,O00425,P
HSA-LNCT000007.1,O00425,P
HSA-LNCT000007.5,O00425,P
HSA-LNCT000007.6,O00425,P
HSA-LNCT000007.7,O00425,P
HSA-LNCT000007.8,O00425,P
HSA-LNCT000007.9,O00425,P
HSA-LNCT000007.10,O00425,P
HSA-LNCT000426.3,O00425,P
HSA-LNCT000426.2,O00425,P
HSA-LNCT000426.4,O00425,P
HSA-LNCT003770.2,O00425,P
HSA-LNCT001102.1,O00425,P
HSA-LNCT010511.1,O00425,P
HSA-LNCT002851.1,O00425,P
HSA-LNCT000219.2,O00425,P
HSA-LNCT004813.3,O00425,P
HSA-LNCT002790.1,O00425,P
HSA-LNCT001862.1,O00425,P
HSA-LNCT003935.4,O00425,P
HSA-LNCT005878.1,O00425,P
HSA-LNCT005878.3,O00425,P
HSA-LNCT000321.4,Q8NDV7,P
HSA-LNCT000321.4,Q9UPQ9,P
HSA-LNCT000321.4,Q9HCJ0,P
HSA-LNCT004068.1,Q8NDV7,P
HSA-LNCT000321.1,Q9UPQ9,P
HSA-LNCT000321.2,Q9UPQ9,P
HSA-LNCT006055.1,Q9UPQ9,P
HSA-LNCT006055.1,Q9HCJ0,P
HSA-LNCT002985.1,Q9HCJ0,P
HSA-LNCT000222.1,Q9HCJ0,P
HSA-LNCT006116.2,Q9HCJ0,P
HSA-LNCT006986.4,Q9HCJ0,P
